username,type,date_of_seniority,former_volunteer,former_staff,deviousness_recipient,deviousness_date,is_deactivated,note,/0,num_volunteer_friends,num_staff_friends,num_normal_friends,num_deactivated_friends,num_total_friends
-willow-,normal,,,,,,,Results in a 400 Bad Request page,,0,0,0,0,0
12memories,normal,,,,,,,,,2,0,1,0,3
1arcticfox,normal,,,,,,,,,3,0,2,0,5
1pen,volunteer,,TRUE,,,,,,,1,0,2,0,3
20after4,staff,,,TRUE,,,,,,0,6,5,0,11
2mo,normal,,,,,,,,,0,0,3,0,3
3wyl,volunteer,,TRUE,,,11/10/17,,,,0,0,0,0,0
4g10,normal,,,,,,,,,3,0,1,0,4
Aahz,normal,,,,,,,,,0,0,0,0,0
AaronBradford,normal,,,,,,,Former alpha tester,,3,0,3,0,6
AbCat,normal,,,,,,,,,7,1,10,0,18
abhimanyughoshal,volunteer,,TRUE,,,,,,,3,1,3,0,7
abh0rsen,normal,,,,,,,,,1,0,1,0,2
abutton,volunteer,,TRUE,,,,,,,15,3,4,0,22
AChardavoyne,normal,,,,,,,,,3,3,0,0,6
achfoo,staff,,,TRUE,,,,,,0,0,1,0,1
adam1975,volunteer,,TRUE,,,,,,,0,0,0,0,0
Adelaida,normal,,,,,,,,,3,0,3,0,6
admx,normal,12/14/11,,,,,,,,0,0,3,0,3
adnrey,normal,,,,,,,,,0,0,1,0,1
Aegis-Illustration,normal,3/1/10,,,,,,,,1,1,6,0,8
Aeires,volunteer,,TRUE,,,,,,,9,1,5,0,15
aelis,normal,,,,,,,,,0,0,5,0,5
aeternitas,normal,,,,,,,,,0,0,0,0,0
Age2003,volunteer,,TRUE,,,,,,,1,0,1,0,2
agorf,staff,,,TRUE,,,,,,0,0,0,0,0
Ahavati,normal,,,,,,,,,3,0,3,0,6
Ahr0,normal,,,,,,,,,0,0,0,0,0
AimanStudio,normal,,,,,,,,,3,1,1,0,5
ainslaight,normal,,,,,,,,,5,0,3,0,8
AlanRalph,normal,,,,,,,,,0,0,0,0,0
albertofoto,normal,,,,,,,,,0,0,0,0,0
aleksandra,normal,,,,,,,,,0,0,12,0,12
Alexander-GG,volunteer,,TRUE,,,,,,,14,2,5,0,21
alexandrasalas,volunteer,,TRUE,,,,,,,7,0,2,0,9
AlexandraVBach,normal,,,,,,,,,3,1,18,0,22
alexiuss,normal,,,,,,,,,1,0,4,0,5
alicexz,normal,,,,,,,,,0,2,1,0,3
alienhead,normal,,,,,,,,,5,2,7,0,14
allixsenos,staff,,,TRUE,,,,,,4,16,11,0,31
alltheoriginalnames,volunteer,,TRUE,,,,,,,1,0,6,0,7
alness,normal,,,,,,,,,0,0,0,0,0
alohalilo,normal,3/1/10,,,,,,,,0,0,8,0,8
alperyesiltas,normal,,,,,,,,,2,1,3,0,6
alphakx,volunteer,,TRUE,,,,,,,0,1,5,0,6
alteredreality,volunteer,,TRUE,,,,,,,0,1,0,0,1
altermind,volunteer,,TRUE,,,,,,,0,0,0,0,0
alyn,volunteer,,TRUE,,,,,,,7,2,13,0,22
Amberlouie,normal,,,,,,,,,1,0,5,0,6
Amforsythe,volunteer,,TRUE,,,,,,,4,0,2,0,6
amgleft,normal,,,,,,,,,0,1,0,0,1
amolerouth,volunteer,,TRUE,,,,,,,4,1,2,0,7
aMoniker,staff,,,TRUE,,,,,,0,4,0,0,4
amour-etranger,normal,,,,,,,,,0,0,3,0,3
amv,normal,,,,TRUE,,,,,0,0,0,0,0
amyhooton,normal,,,,,,,,,8,1,6,0,15
anachsunamon,normal,,,,,,,,,0,0,0,0,0
Anahita,normal,,,,,,,,,2,0,8,0,10
Anako-ART,volunteer,,TRUE,,,,,,,1,0,4,0,5
ananasjihad,volunteer,,TRUE,,,,,,,24,2,0,0,26
anaRasha,normal,,,,,,,,,4,0,15,0,19
Anathematixs,normal,,,,,,,,,3,0,4,0,7
andidas,normal,,,,,,,,,0,0,4,0,4
andy261,normal,,,,,,,,,1,0,0,0,1
AndyGassner,volunteer,,TRUE,,,,,,,2,0,5,0,7
angelcurls,normal,,,,,,,,,1,0,6,0,7
angelelectrico,normal,,,,,,,,,3,0,3,0,6
Angelles-LaVeau,normal,,,,,,,,,0,0,0,0,0
animator,volunteer,,TRUE,,,,,,,6,1,4,0,11
anjules,volunteer,,TRUE,,TRUE,9/9/17,,,,17,2,5,0,24
anna,staff,,,TRUE,,,,,,1,5,0,0,6
annajordanart,volunteer,,TRUE,,,,,,,5,2,4,0,11
AnaNaszynska,volunteer,,TRUE,,TRUE,5/13/17,,,,3,3,2,0,8
AnneJulieAubry,normal,,,,,,,,,0,0,0,0,0
anon-y-mouse,volunteer,,TRUE,,TRUE,,,,,3,0,1,0,4
Anoya,volunteer,,TRUE,,TRUE,4/15/17,,,,1,0,3,0,4
anthonyasael,normal,,,,TRUE,,,,,0,0,0,0,0
antonn,normal,,,,,,,,,0,0,0,0,0
anupcowkur,staff,,,TRUE,,,,,,0,0,0,0,0
anzeversnik,normal,,,,,,,,,0,0,2,0,2
ap-graphik,volunteer,,TRUE,,,,,,,1,0,0,1,2
apartialfragment,normal,,,,,,,,,0,1,1,0,2
apocathary,normal,,,,,,,,,14,0,18,0,32
aquapell,normal,,,,,,,,,1,1,4,0,6
AquaSixio,normal,12/9/08,,,,,,,,1,0,3,0,4
arachnid15,staff,,,TRUE,,,,,,0,0,0,0,0
arc,staff,,,TRUE,,,,,,0,1,7,0,8
archaeobibliologist,volunteer,,TRUE,,,,,,,0,0,0,0,0
archanN,volunteer,,TRUE,,,,,,,0,1,3,0,4
arcipello,normal,,,,TRUE,10/8/17,,,,0,0,1,0,1
arctoa,normal,,,,,,,,,1,0,0,0,1
AreteEirene,normal,,,,,,,,,6,1,6,0,13
Argocat8,normal,,,,,,,,,2,0,3,0,5
arhcamt,volunteer,,TRUE,,,,,,,26,0,5,0,31
Arichy,normal,1/13/13,,,,,,,,25,2,42,2,71
armaina,volunteer,,TRUE,,,,,,,4,0,0,0,4
arrioch,normal,,,,,,,,,16,0,11,1,28
ArtByCher,volunteer,6/29/12,TRUE,,,,,,,0,0,0,0,0
arterie,normal,,,,,,,,,5,1,10,0,16
Artgerm,normal,,,,TRUE,5/8/17,,,,0,0,3,0,3
ArtisnotanAccident,volunteer,,TRUE,,,,,,,10,0,2,0,12
ArtistsForCharity,normal,,,,,,,an account run by the seniors of deviantART to sell prints for charity.,,0,0,0,0,0
Artsy50,normal,,,,,,,,,0,0,1,0,1
arvalis,normal,1/13/13,,,,,,,,0,0,0,0,0
arwenita,normal,,,,,,,,,3,0,2,0,5
Aryiea,normal,7/7/14,,,,,,,,0,0,3,0,3
AshleyxBrooke,volunteer,,TRUE,,,,,,,28,3,25,2,58
Ashwings,volunteer,,TRUE,,,,,,,0,0,1,0,1
ashwynmayr,normal,,,,,,,,,2,0,0,0,2
AssClownFish,normal,,,,,,,,,0,0,0,0,0
astarbuck,staff,,,TRUE,,,,,,0,7,2,0,9
Astarsia,normal,,,,,,,,,0,0,3,0,3
Astralseed,volunteer,,TRUE,,TRUE,7/14/17,,,,10,0,4,0,14
astridle,volunteer,,TRUE,,,,,,,0,0,0,0,0
Astrikos,normal,1/13/13,,,,,,,,13,1,41,0,55
Astrophel,volunteer,,TRUE,,,,,,,0,0,0,0,0
asunder,normal,,,,,,,,,0,0,2,0,2
AthenaTT,normal,,,,TRUE,2/7/17,,,,1,0,6,0,7
Athos-of-Light,volunteer,,TRUE,,,,,,,0,0,0,0,0
Atramina,volunteer,,TRUE,,,,,,,9,0,2,0,11
ATrue,normal,,,,,,,,,6,1,11,0,18
aunnyd,staff,,,TRUE,,,,,,6,10,4,0,20
auralwhiplash,volunteer,,TRUE,,,,,,,1,0,0,0,1
AwsumZ,volunteer,,TRUE,,,,,,,0,0,0,0,0
axcy,volunteer,,TRUE,,,,,,,1,2,2,0,5
Ayame-Kenoshi,staff,,,TRUE,,,,,,23,20,24,1,68
azarath,volunteer,,TRUE,,,,,,,1,0,1,0,2
Azildin,volunteer,,TRUE,,,,,,,1,0,0,0,1
azurylipfe,normal,,,,,,,,,0,0,5,0,5
B0nkers,normal,12/14/11,,,,,,,,1,0,0,0,1
b0x0rz,normal,,,,,,,,,2,2,0,0,4
b33lz3bub,normal,,,,,,,,,3,3,7,0,13
Bad-Blood,normal,,,,,,,,,0,0,0,0,0
bakerstreet,normal,,,,,,,,,0,0,0,0,0
baKIN,volunteer,,TRUE,,,,,,,23,0,9,0,32
bakka,volunteer,,TRUE,,,,,,,10,1,1,0,12
balaa,normal,6/29/12,,,,,,,,1,0,3,0,4
bananaprincess,normal,,,,TRUE,6/7/17,,,,0,0,0,0,0
bananasontoast,volunteer,,TRUE,,,,,,,1,2,0,0,3
baronbeandip,normal,,,,,,,Alpha tester,,2,2,1,0,5
BarryKiddPhotography,normal,,,,,,,,,2,0,1,0,3
Battledress,volunteer,,TRUE,,,,,,,8,1,4,0,13
Baz135,normal,3/1/10,,,,,,Former alpha tester,,1,2,3,0,6
bbor62,staff,,,TRUE,,,,,,0,2,0,0,2
beaucoupzero,normal,3/1/10,,,,,,,,6,3,8,0,17
Beccalicious,volunteer,,TRUE,,TRUE,6/8/17,,,,0,0,0,0,0
bellchild,volunteer,,TRUE,,,,,,,0,0,1,0,1
BenHeine,normal,,,,,,,,,2,1,4,0,7
BerylAlexandros,normal,,,,,,,,,0,0,0,0,0
bigdavec,normal,,,,,,,,,0,0,1,0,1
bionikdesign,staff,,,TRUE,,,,,,0,10,2,0,12
BlackCatsAngel,normal,3/1/10,,,,,,,,1,0,1,0,2
blackice,volunteer,,TRUE,,,,,,,8,3,2,0,13
blackzer0,normal,,,,TRUE,11/5/17,,,,0,0,0,0,0
blake8086,normal,,,,,,,,,0,0,0,0,0
Bleeding-Dragon,normal,,,,,,,,,2,0,2,0,4
bleedsopretty,normal,,,,,,,,,31,1,14,0,46
BlissfullySarcastic,normal,1/13/13,,,,,,,,14,0,7,0,21
Bloodredsangre,normal,,,,,,,,,12,1,9,0,22
BloodshotInk,volunteer,12/9/08,TRUE,,,,,,,0,0,0,0,0
Bluecatdemoness,normal,6/29/12,,,,,,,,0,0,0,0,0
Bluefley,normal,,,,TRUE,4/14/17,,,,0,0,0,0,0
bluem00n,normal,,,,,,,,,0,0,0,0,0
bluespeed9,volunteer,,TRUE,,,,,,,0,0,0,0,0
BluestOfBirds,volunteer,,TRUE,,,,,,,7,0,2,0,9
blunaowl,normal,,,,,,,,,10,0,10,0,20
blushark,normal,,,,,,,,,0,0,0,0,0
Bobby-Sandhu,normal,6/29/12,,,,,,,,8,0,5,0,13
BoffinbraiN,normal,,,,,,,,,1,0,2,0,3
bohobella,normal,,,,TRUE,10/10/17,,,,4,1,4,0,9
BombshellBoy,volunteer,,TRUE,,,,,,,0,0,0,0,0
bookdiva,normal,,,,TRUE,1/3/17,,,,0,0,3,0,3
bornghost,volunteer,,TRUE,,,,,,,1,0,3,0,4
bosniak,normal,,,,,,,,,1,0,0,0,1
bQw,volunteer,,TRUE,,,,,,,16,0,2,0,18
bradleysays,volunteer,,TRUE,,,,,,,5,1,6,0,12
Branchewski,normal,7/7/14,,,,,,,,3,2,2,0,7
brandonalderson,normal,,,,,,,,,0,1,1,0,2
bratchny,normal,,,,,,,,,0,0,0,0,0
brazensix,volunteer,,TRUE,,TRUE,,,,,0,0,0,0,0
BrazenPhotography,normal,12/9/08,,,,,,,,0,0,0,0,0
breaking-reality,normal,,,,,,,,,10,0,2,0,12
briannacherrygarcia,normal,,,,,,,,,0,0,2,0,2
briteddy,volunteer,,TRUE,,,,,Former volunteer,,1,0,0,0,1
BrokenTutorials,normal,,,,,,,,,0,0,0,0,0
BronzeRocket,normal,,,,,,,,,0,0,0,0,0
BrooklynTurbo,staff,,,TRUE,,,,,,0,1,1,0,2
Bryce-Lee,normal,3/1/10,,,,,,,,0,1,1,0,2
budgieishere,normal,,,,,,,,,1,0,1,0,2
BurgerBunny,volunteer,,TRUE,,,,,,,21,0,12,0,33
BurlapZack,normal,,,,,,,,,1,0,2,0,3
buzz-hog,normal,,,,,,,,,0,1,0,0,1
bypass2020,volunteer,,TRUE,,,,,,,0,0,0,0,0
bzed,normal,,,,,,,,,2,2,1,0,5
C-91,volunteer,7/7/14,TRUE,,,,,,,0,0,0,0,0
caddman,normal,,,,,,,,,3,1,23,0,27
Caektiems,volunteer,,TRUE,,,,,,,13,4,4,0,21
cafezero,volunteer,,TRUE,,,,,,,0,1,2,0,3
cakecrumbs,volunteer,,TRUE,,,,,,,9,0,0,0,9
cality,normal,12/14/11,,,,,,,,0,0,7,0,7
Cannibal-Cartoonist,normal,,,,,,,,,0,0,0,0,0
capncraka,volunteer,,TRUE,,,,,,,1,0,0,0,1
CapnSkusting,normal,,,,,,,,,0,0,0,0,0
carolinabarajas,normal,,,,,,,,,2,0,2,0,4
Casperium,volunteer,,TRUE,,,,,,,22,2,8,0,32
Cataclysm-X,normal,,,,,,,,,4,2,7,0,13
catbones,normal,,,,,,,,,1,0,2,0,3
CatchingKeys,normal,,,,,,,,,0,1,0,0,1
CathieGraphy,normal,,,,,,,,,0,0,0,0,0
CathieHeart,normal,,,,,,,,,3,0,4,0,7
catluvr2,volunteer,,TRUE,,,,,,,26,2,31,1,60
CBerms,staff,,,TRUE,,,,,,1,4,1,0,6
cdaile,normal,,,,,,,,,0,0,2,0,2
cei-,normal,,,,TRUE,10/5/17,,,,2,1,2,0,5
centaura,normal,,,,,,,,,0,0,3,0,3
cinyu,volunteer,1/13/13,TRUE,,,,,,,0,0,0,0,0
chakrabird,normal,,,,,,,,,1,0,1,0,2
ChaosEmeraldHunter,volunteer,,TRUE,,,,,,,4,0,3,0,7
Charlie-Bowater,normal,,,,,,,,,4,0,17,0,21
chasing-butterflies,normal,,,,,,,,,4,0,1,0,5
cheeks-74,normal,,,,TRUE,4/13/17,,,,2,2,19,0,23
cheneymac,normal,,,,TRUE,,,,,0,1,2,0,3
ChewedKandi,volunteer,,TRUE,,TRUE,6/13/17,,,,1,0,2,0,3
chewie,normal,,,,,,,,,1,1,1,0,3
chezza-t18,volunteer,,TRUE,,,,,,,0,0,1,0,1
Chimpantalones,volunteer,,TRUE,,,,,,,0,0,0,0,0
china,normal,,,,,,,,,0,0,1,0,1
chinaroses,normal,,,,,,,,,20,2,10,0,32
chosenone-,normal,,,,,,,,,0,0,1,0,1
ChrisGranger,normal,,,,,,,,,0,0,0,0,0
Chuckskull,normal,,,,,,,,,0,0,0,0,0
chutkat,volunteer,,TRUE,,,,,,,3,0,2,0,5
Cinnamoncandy,normal,7/7/14,,,,,,,,10,0,39,0,49
Clair,normal,,,,,,,,,0,0,3,0,3
ClaireJones,normal,,,,,,,,,4,0,3,0,7
classam,normal,,,,,,,,,0,5,0,0,5
cleanup,normal,,,,,,,,,0,0,1,0,1
cleavage,normal,,,,,,,,,0,0,0,0,0
ClefairyKid,volunteer,12/14/11,TRUE,,,,,,,1,0,1,0,2
cloaks,normal,,,,,,,,,2,0,0,0,2
cloude,normal,,,,,,,,,6,6,3,0,15
Cloudrunner64,normal,12/31/13,,,,,,,,0,0,0,0,0
cmalidore,normal,,,,,,,,,0,0,2,0,2
cmptrwhz,volunteer,,TRUE,,,,,,,16,1,4,0,21
cocinando-colores,normal,,,,,,,,,2,1,3,0,6
Cody,normal,,,,,,,,,0,0,0,0,0
ColonSpelunker,volunteer,,TRUE,,,,,,,0,0,0,0,0
computerologist,normal,,,,TRUE,2/3/17,,,,1,1,3,0,5
Comrade-Kelly,volunteer,,TRUE,,,,,,,10,2,0,0,12
contains-mild-peril,normal,,,,,,,,,0,0,0,0,0
conzpiracy,volunteer,,TRUE,,,,,,,0,0,0,0,0
CookiemagiK,volunteer,,TRUE,,,,,,,20,2,15,0,37
cooley,volunteer,,TRUE,,,,,,,5,0,4,0,9
coolmarvin,normal,,,,,,,,,1,0,4,0,5
cooper,normal,,,,TRUE,,,,,3,1,8,0,12
copperrein,volunteer,,TRUE,,,,,,,3,0,4,0,7
cosfrog,volunteer,,TRUE,,TRUE,2/9/17,,,,13,1,13,0,27
coshdaddy,volunteer,,TRUE,,,,,,,2,0,0,0,2
cosmicbound,normal,,,,,,,,,6,1,7,0,14
Cosmopavone,normal,,,,,,,,,4,0,6,0,10
cosmosue,volunteer,,TRUE,,TRUE,10/6/17,,,,37,2,16,0,55
coxi,normal,3/1/10,,,,,,,,2,0,1,0,3
craeonics,normal,,,,,,,,,0,0,0,0,0
CraigArndt,volunteer,,TRUE,,,,,,,5,1,0,0,6
CRAZYQUESADILLA,normal,,,,,,,,,0,0,0,0,0
Crazy-Sparkles,normal,12/14/11,,,,,,,,0,0,0,0,0
creativemikey,normal,,,,,,,,,7,1,18,0,26
crgriffith,normal,,,,,,,,,14,13,8,0,35
Crickatoo,normal,,,,,,,,,0,0,1,0,1
CrimsonMagpie,normal,6/29/12,,,,,,,,6,0,10,0,16
CrisVector,normal,,,,TRUE,1/9/17,,,,7,1,7,0,15
CrumpetsHarvey,normal,6/29/12,,,,,,,,6,0,6,0,12
CrystalMarineGallery,normal,1/13/13,,,,,,,,0,0,0,0,0
Cuddlepug,normal,,,,,,,,,0,0,2,0,2
cweeks,normal,,,,,,,,,4,0,5,0,9
cybergranny,normal,12/9/08,,,,,,,,20,0,15,0,35
cyberyt,normal,,,,,,,,,0,0,1,0,1
CygX1,normal,,,,,,,,,3,0,3,0,6
Cymae,volunteer,,TRUE,,,,,,,2,0,0,0,2
cynic,normal,,,,,,,,,0,0,2,0,2
CynthiaCynical,volunteer,,TRUE,,,,,,,19,3,2,0,24
CypherVisor,normal,1/13/13,,,,,,,,8,1,7,1,17
cyphixation,normal,,,,,,,,,1,0,1,0,2
d1st0rt3d,normal,,,,,,,,,0,0,1,0,1
daekazu,normal,1/13/13,,,,,,,,0,0,2,0,2
daewon,normal,,,,,,,,,0,0,0,0,0
dahlig,normal,,,,TRUE,4/8/17,,,,0,0,2,0,2
Damaged927,volunteer,,TRUE,,,,,,,9,1,5,0,15
DamaiMikaz,normal,7/7/14,,,,,,,,1,0,6,0,7
dammitMEL,volunteer,,TRUE,,,,,,,7,2,1,0,10
Dan-Heffer,volunteer,3/1/10,TRUE,,TRUE,8/11/17,,,,12,1,10,0,23
dandelgrosso,volunteer,,TRUE,,,,,,,34,1,10,0,45
dangeruss,normal,,,,TRUE,,,,,0,1,0,0,1
DanielaUhlig,normal,,,,,,,,,0,0,20,0,20
DanielRabjerg,volunteer,,TRUE,,,,,,,1,0,0,0,1
danielzklein,normal,,,,,,,,,1,0,3,0,4
Danium,normal,,,,,,,,,28,2,17,0,47
DanLuVisiArt,normal,,,,TRUE,1/14/17,,,,1,1,1,0,3
DAnnsCreations,normal,,,,,,,,,23,1,19,0,43
DanSchoening,normal,6/29/12,,,,,,,,1,0,5,0,6
dapper-owl,volunteer,,TRUE,,,,,,,3,0,1,0,4
DarkAlchemistNinja,normal,12/31/13,,,,,,,,1,0,4,0,5
darkcrescendo,normal,,,,TRUE,8/4/17,,,,9,0,5,0,14
darklylit,volunteer,,TRUE,,,,,,,13,2,4,0,19
darkmoon3636,normal,,,,,,,,,7,1,4,0,12
DarkMyth,normal,,,,,,,,,1,0,4,0,5
darkphoenix,normal,,,,TRUE,Ocotber 2001,,,,0,0,1,0,1
DaveB,normal,,,,,,,,,0,0,0,0,0
Davenit,volunteer,,TRUE,,,,,,,2,0,1,0,3
davespertine,normal,,,,,,,,,2,0,3,0,5
davincipoppalag,normal,,,,,,,,,5,1,10,1,17
DaynaEMCraig,normal,,,,TRUE,7/10/17,,,,0,0,0,0,0
dazza1008,normal,,,,,,,,,2,0,2,0,4
De-Profundis,volunteer,,TRUE,,,,,,,7,2,1,0,10
deaddreamer,normal,,,,,,,,,0,0,1,0,1
deanedwards,staff,,,TRUE,,,,,,0,1,0,0,1
dee,normal,,,,,,,,,0,0,1,0,1
dekorAdum,volunteer,,TRUE,,TRUE,6/14/17,,,,5,1,7,0,13
delici0us,volunteer,,TRUE,,,,,,,1,0,1,0,2
demonlight,normal,,,,,,,,,1,1,3,1,6
DemonMathiel,volunteer,,TRUE,,,,,,,17,1,14,0,32
Denis-Peterson,normal,,,,,,,,,0,0,0,0,0
DenisOlivier,normal,,,,,,,,,0,0,0,0,0
DennisChunga,normal,,,,,,,,,1,0,4,0,5
depthskins,volunteer,,TRUE,,,,,,,0,0,3,1,4
der-das,normal,,,,,,,,,0,0,1,0,1
desertpenguin,volunteer,,TRUE,,,,,,,1,0,1,0,2
deshrubber,volunteer,,TRUE,,,,,,,36,4,9,0,49
Destin8x,volunteer,,TRUE,,,,,,,23,1,2,0,26
destroyinc,normal,,,,,,,,,1,0,0,0,1
devildoll,normal,,,,,,,,,0,0,0,0,0
devilicious,normal,,,,TRUE,2/4/17,,,,4,0,7,0,11
devilmech,volunteer,,TRUE,,,,,,,2,0,3,0,5
Devilpig,normal,,,,,,,,,0,0,6,0,6
deviousmosaics,normal,,,,,,,,,0,0,0,0,0
DEVlANT,staff,,,TRUE,,,,,,6,6,5,0,17
deVoice,staff,,,TRUE,,,,,,3,2,6,0,11
dholms,normal,,,,TRUE,8/5/17,,,,11,1,6,0,18
diablo2003,normal,12/9/08,,,,,,,,0,0,12,0,12
diamond281,volunteer,,TRUE,,,,,,,32,3,6,0,41
Dianae,normal,,,,,,,,,0,0,6,0,6
dibbi,normal,,,,,,,,,1,0,1,0,2
Dieffi,normal,,,,,,,,,1,0,16,0,17
DiegoTripodi,normal,,,,,,,,,1,1,2,0,4
Diggz,normal,,,,,,,,,0,0,0,0,0
digi,normal,,,,,,,,,0,0,0,0,0
digitalideation,staff,,,TRUE,,,,,,0,3,1,0,4
DigitalPhenom,volunteer,,TRUE,,,,,,,29,2,15,0,46
dinyctis,volunteer,,TRUE,,,,,,,8,1,4,0,13
dionyziz,staff,,,TRUE,,,,,,0,0,0,0,0
disintegration,volunteer,,TRUE,,,,,,,15,2,5,0,22
dismarum,normal,,,,,,,,,0,0,1,0,1
ditto9,volunteer,,TRUE,,,,,,,1,0,1,0,2
DivineError,normal,,,,,,,,,4,2,3,0,9
dj-designs,staff,,,TRUE,,,,,,2,1,11,0,14
djcabrera,staff,,,TRUE,,,,,,0,1,0,0,1
Dkalban,normal,,,,,,,,,0,0,0,0,0
DKayCrafts,volunteer,,TRUE,,,,,,,0,0,0,0,0
dkhoekstra,normal,,,,,,,,,0,0,0,0,0
dloesch,staff,,,TRUE,,,,,,0,0,0,0,0
DomiSM,normal,,,,,,,,,4,0,2,0,6
doobybrain,normal,,,,TRUE,,,,,0,0,0,0,0
doofsmack,normal,,,,,,,,,0,0,0,0,0
DorianHarper,volunteer,,TRUE,,,,,,,3,0,3,0,6
dotbin,normal,,,,,,,,,0,0,0,0,0
dottiemaggie,normal,,,,,,,,,4,0,2,0,6
DoubleXposure,staff,,,TRUE,,,,,,0,0,0,0,0
Doubtful-Della,normal,,,,,,,,,8,2,7,0,17
DpressedSoul,volunteer,,TRUE,,,,,,,5,0,7,1,13
dragonfly-oli,normal,1/13/13,,,,,,,,0,0,0,0,0
draweverywhere,staff,,,TRUE,,,,,,1,5,5,0,11
dreamsinstatic,normal,1/13/13,,,,,,,,5,1,3,0,9
dreamz13,normal,,,,,,,,,1,1,5,0,7
drigh,staff,,,TRUE,,,,,,1,5,0,0,6
Droneguard,normal,,,,,,,,,10,1,4,0,15
drownsoda,normal,,,,,,,,,2,0,1,0,3
Drunken-Splice,normal,,,,,,,,,3,1,3,0,7
dualdesigns,normal,,,,,,,,,0,0,7,0,7
Duffzilla,normal,,,,,,,,,0,0,0,0,0
duhcoolies,normal,,,,TRUE,12/6/17,,,,2,0,1,0,3
duke,staff,,,TRUE,,,,,,0,7,0,0,7
DuncanMcNicol,volunteer,,TRUE,,,,,,,13,4,3,0,20
dust,normal,,,,,,,,,0,0,0,0,0
dust-bite,volunteer,,TRUE,,,,,,,5,3,3,0,11
DVeditor,volunteer,,TRUE,,,,,,,18,3,2,0,23
DWALKER1047,normal,,,,,,,,,15,0,7,0,22
dygel,staff,,,TRUE,TRUE,3/2/17,,,,3,1,0,0,4
eawood,staff,,,TRUE,,,,,,1,1,1,0,3
ebonred,normal,,,,,,,,,0,0,0,0,0
edwheeler,normal,,,,TRUE,3/8/17,,,,5,0,5,0,10
egarage,normal,,,,,,,,,0,0,0,0,0
eggy,normal,,,,,,,,,0,0,1,0,1
eilidh,normal,,,,TRUE,11/4/17,,,,1,0,3,0,4
Einion,volunteer,,TRUE,,,,,,,0,0,0,0,0
Eireen,normal,,,,,,,,,2,0,11,0,13
Eitvys200,normal,7/7/14,,,,,,,,3,0,5,0,8
Ejsm8,staff,,,TRUE,,,,,,0,0,0,0,0
electricjonny,volunteer,,TRUE,,,,,,,9,4,3,0,16
electricnet,normal,,,,TRUE,5/11/17,,,,0,0,0,0,0
ElectrikPinkPirate,volunteer,,TRUE,,,,,,,27,0,3,0,30
elhsmart,staff,,,TRUE,,,,,,1,0,0,0,1
elicoronel16,volunteer,,TRUE,,,,,,,37,2,27,0,66
elsevilla,normal,,,,TRUE,11/14/17,,,,0,1,11,0,12
elusive,staff,,,TRUE,,,,,,0,2,2,0,4
EmberRoseArt,normal,,,,,,,,,3,0,5,0,8
Emerald-Depths,volunteer,,TRUE,,,,,,,8,0,17,0,25
Emilyhorng,staff,,,TRUE,,,,,,0,0,0,0,0
emlan,normal,,,,,,,,,0,0,0,0,0
emmil,normal,,,,,,,,,0,0,0,0,0
Endling,normal,,,,,,,,,1,0,8,0,9
Endorell-Taelos,volunteer,,TRUE,,TRUE,8/14/17,,,,21,1,34,1,57
endorphine,normal,,,,,,,,,0,0,0,0,0
endosage,staff,,,TRUE,,,,,,0,4,0,0,4
eolhc,normal,,,,,,,,,0,0,5,0,5
epiphany,normal,,,,,,,,,0,0,3,0,3
equivoque,volunteer,,TRUE,,,,,,,2,0,4,0,6
erickthedesigner,staff,,,TRUE,,,,,,4,5,1,0,10
eriemer,staff,,,TRUE,,,,,,0,0,0,0,0
essorant,normal,,,,,,,,,0,0,0,0,0
estevancarlos,staff,,,TRUE,,,,,,0,1,0,0,1
euphoria,staff,,,TRUE,TRUE,,,,,0,0,0,0,0
evafleur,staff,,,TRUE,,,,,,0,1,0,0,1
evanhwong,volunteer,,TRUE,,,,,,,53,2,19,0,74
evilsyndicatemember,volunteer,,TRUE,,,,,,,3,0,2,0,5
exchanged-stock,normal,,,,,,,,,2,0,0,0,2
Exileden,normal,3/1/10,,,TRUE,6/11/17,,,,0,0,1,0,1
Exillior,volunteer,,TRUE,,,,,,,21,0,9,1,31
exor,normal,,,,,,,,,0,0,0,0,0
exorist,normal,,,,,,,,,2,0,1,0,3
ez3k1el,normal,,,,,,,,,0,0,0,0,0
f--l--A--r--k,normal,,,,,,,,,3,0,1,0,4
Faded2Indie,normal,,,,,,,,,0,0,0,0,0
faderhead,normal,,,,,,,,,0,0,0,0,0
faestock,normal,6/29/12,,,TRUE,9/13/17,,,,0,0,1,0,1
faithwalker,normal,,,,,,,,,0,1,3,0,4
FallisPhoto,normal,12/9/08,,,,,,,,0,0,1,0,1
FaMz,volunteer,,TRUE,,,,,,,23,0,12,0,35
fangedfem,staff,,,TRUE,,,,,,0,0,0,0,0
fantasio,normal,,,,,,,,,6,1,24,0,31
FantasyStock,volunteer,,TRUE,,,,,,,9,0,9,0,18
farand,volunteer,,TRUE,,,,,,,0,0,0,0,0
FarDareisMai,volunteer,,TRUE,,,,,,,14,0,7,0,21
fartprincess,staff,,,TRUE,,,,,,0,1,0,0,1
feawen,volunteer,,TRUE,,,,,,,2,0,0,0,2
feetpeet,normal,,,,,,,,,16,1,10,0,27
Felizias,normal,,,,,,,,,0,0,6,0,6
fensterer,normal,,,,,,,,,2,0,5,0,7
fetishfaerie-stock,normal,,,,,,,,,0,0,0,0,0
Fico-Ossio,normal,,,,,,,,,0,4,2,0,6
FionaCreates,volunteer,,TRUE,,,,,,,9,1,3,0,13
firelight,normal,,,,,,,,,0,0,0,0,0
FixMeKnow,volunteer,,TRUE,,,,,,,40,3,20,0,63
flameturret,volunteer,,TRUE,,,,,,,0,0,1,0,1
flashmind,normal,,,,,,,,,0,0,1,0,1
fleeet,normal,,,,,,,,,11,1,13,0,25
fleeteh,normal,,,,,,,,,0,0,0,0,0
Flingling,normal,,,,,,,,,0,0,0,0,0
fllnthblnk,volunteer,,TRUE,,,,,,,22,0,14,0,36
fluffy,staff,,,TRUE,,,,,,2,3,2,0,7
flummox,volunteer,,TRUE,,,,,,,0,0,0,0,0
ForksOfTheSalad,volunteer,,TRUE,,,,,,,4,0,2,0,6
foureyes,normal,,,,TRUE,11/13/17,,,,12,2,40,0,54
fourteenthstar,staff,,,TRUE,,,,,,126,37,115,2,280
fox-orian,normal,,,,,,,,,0,0,0,0,0
Foxfires,normal,,,,,,,,,3,0,4,0,7
FractalEyes,normal,,,,,,,,,3,0,2,0,5
frail,volunteer,,TRUE,,TRUE,4/4/17,,,,0,0,0,0,0
Fredy3D,normal,,,,,,,,,7,0,8,0,15
freezejeans,normal,,,,,,,,,0,0,1,0,1
FrockTarts,volunteer,,TRUE,,,,,,,8,0,5,0,13
Frogboy,normal,,,,,,,,,0,0,0,0,0
frozenpandaman,normal,,,,,,,,,0,0,0,0,0
furryphotos,volunteer,,TRUE,,,,,,,4,1,2,0,7
futilitarian,normal,,,,,,,,,0,0,0,0,0
fuz,normal,,,,,,,,,0,0,0,0,0
fuzzydemon,normal,,,,TRUE,,,,,4,2,9,0,15
FuzzyHoser,normal,1/13/13,,,,,,,,2,0,5,0,7
fyoot,normal,12/31/13,,,,,,,,0,0,0,0,0
G00DNeighbr,staff,,,TRUE,,,,,,0,3,1,0,4
gaborcsigas,normal,12/9/08,,,,,,,,0,0,0,0,0
GaioumonBatou,volunteer,,TRUE,,,,,,,43,3,25,0,71
garrit,volunteer,,TRUE,,TRUE,3/5/17,,,,0,0,0,0,0
gas13,normal,,,,,,,,,7,0,3,1,11
Gashu-Monsata,volunteer,,TRUE,,,,,,,7,0,3,0,10
gatekeeper501,volunteer,,TRUE,,,,,,,0,0,0,0,0
geckokid,normal,,,,,,,,,7,2,6,0,15
GeneratingHype,volunteer,,TRUE,,,,,,,6,0,8,0,14
getcarter,normal,,,,TRUE,7/3/17,,,,8,4,21,0,33
Gewalgon,normal,7/7/14,,,,,,,,0,0,0,0,0
GH-MoNGo,volunteer,,TRUE,,,,,,,0,0,0,0,0
Ghouldaddy,volunteer,,TRUE,,,,,,,2,2,1,0,5
gilad,normal,,,,,,,,,2,0,4,0,6
GillianIvy,normal,6/29/12,,,,,,,,4,0,8,0,12
gimmyfood,normal,,,,,,,,,1,2,2,0,5
ginkgografix,volunteer,,TRUE,,TRUE,10/14/17,,,,17,1,5,0,23
Ginryuzaki,normal,12/31/13,,,,,,,,0,0,0,0,0
girltripped,normal,,,,,,,,,0,0,3,0,3
glowing,normal,,,,,,,,,0,0,1,0,1
gnato,normal,,,,,,,,,0,0,0,0,0
GoblinQueeen,normal,,,,,,,,,3,0,4,0,7
God,normal,,,,,,,,,0,0,0,0,0
Godofodd,staff,,,TRUE,,,,,,0,0,0,0,0
Gomotes,normal,,,,,,,,,2,0,6,0,8
Gonzale,volunteer,,TRUE,,,,,,,0,0,3,0,3
goodbyejulia,normal,12/9/08,,,,,,,,3,0,3,0,6
goor,normal,,,,,,,,,4,1,11,0,16
gorillalure,normal,,,,,,,,,1,1,0,0,2
gorjuss,normal,3/1/10,,,,,,,,4,0,4,0,8
grafikdzine,staff,,,TRUE,,,,,,0,1,0,0,1
Grandchild,volunteer,,TRUE,,,,,,,4,0,1,0,5
greenfeed,normal,,,,,,,,,0,0,2,0,2
greenie,normal,,,,TRUE,4/6/17,,,,0,0,0,0,0
griffsnuff,normal,,,,,,,,,0,0,0,0,0
grubin,volunteer,,TRUE,,,,,,,0,0,0,0,0
gucken,volunteer,,TRUE,,,,,,,8,0,1,0,9
guitarjohnny,normal,,,,,,,,,3,0,7,0,10
GuiTwo,volunteer,,TRUE,,,,,,,4,0,5,1,10
GunShyMartyr,volunteer,,TRUE,,,,,,,4,2,8,0,14
gussiejives,normal,,,,,,,,,0,0,0,0,0
Gwendolyn12,volunteer,,TRUE,,TRUE,4/11/17,,,,0,0,0,0,0
hageshiku,normal,,,,,,,,,0,0,0,0,0
hakanphotography,normal,,,,,,,,,2,0,3,0,5
hakubaikou,normal,,,,,,,,,0,0,1,0,1
Halatia,volunteer,,TRUE,,,,,,,11,0,8,0,19
Halcyon83,normal,,,,,,,,,3,0,1,0,4
haldron,staff,,,TRUE,,,,,,29,11,5,1,46
halfliquid,volunteer,,TRUE,,,,,,,8,2,8,0,18
Hameed,volunteer,,TRUE,,TRUE,3/3/17,,,,3,0,1,0,4
happienoodleboy,normal,,,,,,,,,1,0,0,0,1
Hardrockangel,volunteer,,TRUE,,,,,,,6,0,4,0,10
HaveTales-WillTell,normal,12/14/11,,,,,,,,7,2,13,0,22
HazardousArts,normal,1/13/13,,,,,,,,1,0,2,0,3
hb,normal,,,,,,,,,0,0,3,0,3
HeatherRivera,normal,,,,,,,,,1,0,3,1,5
heatherwetzler,normal,,,,,,,,,10,5,6,0,21
Heidi-V-Art,normal,,,,,,,,,0,0,1,0,1
Helewidis,volunteer,,TRUE,,,,,,,11,0,12,0,23
helldragon,normal,,,,,,,,,0,1,0,0,1
hellfirediva,volunteer,,TRUE,,,,,,,7,0,9,1,17
Hellobaby,normal,,,,,,,,,19,1,10,0,30
helloitsjanet,normal,,,,,,,,,1,0,0,0,1
hellokirti,staff,,,TRUE,,,,,,0,1,0,0,1
hempingway,normal,,,,,,,,,0,0,2,0,2
hesitation,volunteer,,TRUE,,,,,,,3,0,5,0,8
hexentanz,staff,,,TRUE,,,,,,4,5,2,0,11
hibbary,normal,12/9/08,,,,,,,,0,0,0,0,0
himynameiznate,normal,,,,TRUE,,,,,0,0,2,0,2
hizuki24,normal,,,,,,,,,1,0,1,0,2
hokuto,normal,,,,,,,,,1,0,0,0,1
homedoggieo,volunteer,,TRUE,,,,,,,3,0,2,0,5
honz12,normal,,,,,,,,,0,0,0,0,0
hprince329,normal,,,,TRUE,1/4/17,,,,0,0,0,0,0
Hyperized,volunteer,,TRUE,,,,,,,3,0,0,0,3
hypermind,volunteer,,TRUE,,,,,,,1,1,0,0,2
IaiaRose,volunteer,,TRUE,,,,,,,17,2,2,0,21
iamall,normal,,,,,,,,,0,1,3,0,4
IanStruckhoff,normal,,,,TRUE,9/1/17,,,,2,0,2,0,4
Icesis,normal,,,,,,,,,0,0,0,0,0
IceXDragon,normal,1/13/13,,,,,,,,7,0,11,0,18
iDJPanda,normal,,,,,,,,,6,0,20,0,26
ien,normal,,,,,,,,,0,1,1,0,2
iggygirl,normal,,,,,,,,,0,0,0,0,0
ignite,normal,,,,,,,,,0,0,0,0,0
igy,volunteer,,TRUE,,,,,,,10,3,7,0,20
iLantiis,normal,,,,TRUE,11/12/17,,,,0,0,2,0,2
illphorm,normal,,,,,,,,,0,0,0,0,0
IllustratedEye,normal,,,,,,,,,1,0,3,0,4
im-not-sana,normal,,,,,,,Former alpha tester,,2,0,1,0,3
ImaginedMoments,normal,,,,,,,,,7,1,14,0,22
imaginism,normal,,,,,,,,,0,0,1,0,1
iMike,staff,,,TRUE,TRUE,9/1/17,,,,2,2,1,0,5
imogene,normal,,,,,,,,,0,0,4,0,4
imperfect,volunteer,,TRUE,,,,,,,2,0,3,0,5
In-Apt,normal,,,,,,,,,0,0,2,0,2
in-art-we-trust,normal,12/9/08,,,,,,,,2,1,3,0,6
InayatShah,normal,7/7/14,,,,,,,,0,1,9,0,10
inconsequent,normal,,,,,,,,,0,0,0,0,0
indyrod,normal,,,,TRUE,,,,,0,0,0,0,0
inennui,volunteer,,TRUE,,,,,,,0,0,1,0,1
Infinite705,volunteer,,TRUE,,,,,,,1,0,0,0,1
inknalcohol,volunteer,1/13/13,TRUE,,,,,Alpha tester,,1,0,0,0,1
InpuUpUaut,volunteer,,TRUE,,,,,,,11,0,4,0,15
insaneone,staff,,,TRUE,TRUE,12/5/17,,,,0,0,0,0,0
insektaserpenta,normal,,,,,,,,,0,0,0,0,0
Insignificant-Other,volunteer,,TRUE,,,,,,,3,2,3,0,8
InvaderMar,normal,,,,,,,,,0,0,1,0,1
ioco,normal,,,,TRUE,,,,,0,0,1,0,1
IreneLangholm,volunteer,,TRUE,,,,,,,16,2,12,1,31
IridescentStardust,volunteer,,TRUE,,,,,,,0,0,1,0,1
IrrevocableFate,volunteer,6/29/12,TRUE,,,,,,,0,0,0,0,0
isabelucha,volunteer,,TRUE,,,,,,,2,1,0,0,3
IsacGoulart,volunteer,,TRUE,,,,,,,3,0,1,0,4
Iscariot-Priest,normal,,,,,,,,,5,0,4,0,9
isoldel,normal,,,,,,,,,2,0,0,0,2
isonica,normal,,,,TRUE,,,,,0,1,0,0,1
Istebrak,normal,,,,,,,,,0,0,4,0,4
itirep,normal,,,,TRUE,,,,,0,0,3,0,3
itsfrits,volunteer,,TRUE,,,,,,,0,0,0,0,0
Itti,normal,,,,TRUE,7/12/17,, former alpha tester,,0,0,0,0,0
J-u-d-a-s,normal,12/14/11,,,,,,,,5,1,16,0,22
j3concepts,normal,,,,,,,,,3,0,3,0,6
jackdirt,normal,,,,TRUE,,,,,0,1,3,0,4
JackSilver,normal,,,,,,,,,0,0,1,0,1
JacquelineBarkla,normal,7/7/14,,,,,,,,0,1,6,0,7
jade-pandora,normal,,,,,,,,,0,0,0,0,0
jademacalla,normal,,,,,,,,,2,0,4,0,6
jake,normal,,,,,,,,,0,0,0,0,0
JamminJo,normal,6/29/12,,,,,,,,10,0,19,0,29
janaschi,normal,,,,,,,,,1,0,12,0,13
jane-beata,volunteer,,TRUE,,,,,,,14,0,4,1,19
janvanlysebettens,staff,,,TRUE,,,,,,0,0,0,0,0
jark,staff,,,TRUE,,,,,,3,6,4,0,13
jarkmastah,normal,,,,,,,,,0,0,0,0,0
jasinski,normal,,,,TRUE,,,,,0,0,4,0,4
JasonLee,staff,,,TRUE,,,,,,0,0,0,0,0
jasonvelocity,volunteer,,TRUE,,,,,,,3,1,2,0,6
javierocasio,normal,,,,,,,,,1,1,0,0,2
JB-Pawstep,normal,12/31/13,,,,,,,,0,0,1,0,1
jbensch,volunteer,,TRUE,,,,,,,39,1,4,0,44
jcroxas,volunteer,,TRUE,,TRUE,10/12/17,,,,19,3,13,0,35
jdrainville,normal,,,,,,,,,9,1,11,1,22
jedeye459,normal,,,,,,,,,0,0,1,0,1
jekor,staff,,,TRUE,,,,,,1,0,0,0,1
JenaDellaGrottaglia,normal,,,,,,,,,4,0,13,0,17
jenepooh,volunteer,,TRUE,,,,,,,48,4,29,1,82
JenFruzz,normal,,,,,,,,,10,0,9,0,19
jenifferlee,staff,,,TRUE,,,,,,0,4,0,0,4
jennipenny,normal,,,,,,,,,5,1,4,0,10
jennystokes,normal,7/7/14,,,,,,,,4,1,14,0,19
jeriweaver,normal,,,,,,,,,8,0,2,0,10
jerryhazard,volunteer,12/9/08,TRUE,,,,,,,1,1,7,0,9
JesseLax,volunteer,,TRUE,,,,,,,22,2,11,1,36
Jesus,normal,,,,,,,,,0,0,0,0,0
jezebel,normal,,,,TRUE,,,,,0,0,0,0,0
JJ-Ying,volunteer,,TRUE,,,,,,,12,0,4,0,16
jjean21,normal,,,,,,,,,0,0,2,0,2
jmartin,normal,,,,,,,,,0,3,2,0,5
JMOA,normal,,,,,,,,,0,0,0,0,0
jmulder,normal,,,,,,,,,0,0,0,0,0
joannastar,volunteer,,TRUE,,,,,,,33,1,12,0,46
JoelFaber,normal,,,,,,,,,1,0,1,0,2
Joey-Zero,normal,,,,,,,,,1,0,8,0,9
JohndeLano,normal,,,,,,,,,0,0,5,0,5
JohnSu,normal,,,,,,,,,0,0,0,0,0
JohnSzarkowski,volunteer,,TRUE,,,,,,,0,0,0,0,0
johnpaulthornton,normal,,,,TRUE,10/9/17,,,,3,2,9,0,14
Jon-Law,normal,,,,,,,,,1,0,2,0,3
jorobins,normal,,,,,,,,,1,1,0,0,2
Josh,staff,,,TRUE,,,,"Former alumni, also see skittleboi",,3,2,5,0,10
JoshClarkeDraws,volunteer,,TRUE,,,,,,,1,1,2,0,4
jsenn,staff,,,TRUE,TRUE,,,Former alumni,,0,1,14,0,15
jsmonzani,normal,,,,,,,,,0,0,9,0,9
Jules1983,volunteer,,TRUE,,,,,,,3,0,1,0,4
JuliaDunin,normal,,,,,,,,,0,0,6,0,6
JunkbyJen,volunteer,,TRUE,,,,,,,49,1,19,0,69
junkster78,normal,,,,,,,,,1,0,0,0,1
junoknight,volunteer,,TRUE,,,,,,,6,3,0,0,9
jussta,volunteer,12/9/08,TRUE,,,,,,,12,0,6,0,18
just-an-artist,volunteer,,TRUE,,,,,,,19,1,2,0,22
just-is,staff,,,TRUE,,,,,,0,3,1,0,4
justMANGO,normal,,,,,,,,,0,0,0,0,0
justthorne,normal,,,,TRUE,3/4/17,,,,0,0,0,0,0
juuhanna,normal,,,,,,,,,0,0,1,0,1
JZino,normal,,,,,,,,,4,0,1,0,5
ka-os,normal,,,,,,,,,0,0,3,0,3
KaleidoKittles,volunteer,,TRUE,,,,,,,0,0,0,0,0
kalimon,normal,,,,,,,,,0,0,0,0,0
kamizu,volunteer,,TRUE,,,,,,,0,0,0,0,0
kamy-ska,normal,12/14/11,,,,,,,,3,0,2,0,5
kangel,volunteer,,TRUE,,,,,,,28,1,9,0,38
Kaotika,volunteer,,TRUE,,,,,,,29,1,13,0,43
kara,normal,,,,,,,,,0,0,0,0,0
karemelancholia,normal,,,,TRUE,7/8/17,,,,4,0,6,0,10
KariAnnLax,staff,,,TRUE,,,,,,10,0,1,1,12
Karma021,volunteer,,TRUE,,,4/7/17,,,,0,0,0,0,0
karyaazure,volunteer,,TRUE,,TRUE,2/6/17,,,,34,5,12,0,51
Katara-Alchemist,volunteer,,TRUE,,,,,,,0,0,0,0,0
katat0nik,normal,,,,,,,,,1,0,1,0,2
Katerina423,volunteer,,TRUE,,,,,,,0,0,0,0,0
Katmomma,volunteer,,TRUE,,,,,,,7,0,2,0,9
Katurian,staff,,,TRUE,,,,,,1,1,0,0,2
kealanorourke,normal,12/9/08,,,,,,,,0,0,0,0,0
keen,normal,,,,,,,,,1,0,13,0,14
keetonh,normal,,,,,,,,,0,4,0,0,4
keiross,staff,,,TRUE,,,,,,1,5,8,0,14
KellyJane,normal,,,,,,,,,0,0,0,0,0
Kendra-Paige,normal,1/13/13,,,,,,,,4,1,9,0,14
kentsoul,normal,,,,TRUE,3/6/17,,,,3,0,9,0,12
KeremGo,volunteer,,TRUE,,,,,,,0,0,0,0,0
Kevin,staff,,,TRUE,,,,,,1,3,2,0,6
KevinMaistros,volunteer,,TRUE,,,,,,,0,0,0,0,0
kevissimo,normal,,,,,,,,,1,0,5,0,6
kgcreative,normal,,,,,,,,,0,0,6,0,6
khavi,normal,,,,,,,,,0,0,0,0,0
khrass,normal,,,,,,,,,6,0,7,0,13
killjoy,normal,,,,,,,,,3,0,2,0,5
kindred,normal,,,,TRUE,6/6/17,,,,1,0,2,0,3
Kirbopher15,normal,12/31/13,,,,,,,,0,0,0,0,0
kirilee,normal,7/7/14,,,,,,,,0,0,2,0,2
kit-y,volunteer,,TRUE,,,,,,,19,2,4,0,25
Kithanna,volunteer,,TRUE,,,,,,,7,0,3,0,10
Kitten-of-Woe,volunteer,,TRUE,,,,,,,32,0,9,0,41
kittyvane,normal,,,,,,,,,0,0,0,0,0
kittywoodphotography,normal,,,,,,,,,4,1,1,0,6
kiwi-pdd,volunteer,,TRUE,,,,,,,1,0,1,0,2
Kjherstin,normal,,,,,,,,,5,1,2,0,8
kkart,volunteer,,TRUE,,,,,,,11,0,18,0,29
klf,normal,,,,,,,,,2,0,10,0,12
KnightAR,staff,,,TRUE,,,,,,0,13,3,0,16
knock,normal,,,,,,,,,5,0,1,0,6
koffeeben,normal,,,,,,,,,2,1,0,0,3
kolaboy,normal,,,,,,,,,2,0,4,0,6
konfusion-with-a-k,normal,6/29/12,,,,,,,,3,0,3,0,6
kouiskas,staff,,,TRUE,,,,,,1,19,8,0,28
kourinthellama,normal,,,,,,,,,2,1,1,0,4
KPEKEP,normal,7/7/14,,,,,,,,11,1,14,0,26
krash,normal,,,,,,,,,5,0,0,0,5
krazykel,volunteer,,TRUE,,,,,,,10,0,5,0,15
kReEsTaL,normal,,,,,,,,,0,1,4,0,5
kris-wilson,normal,,,,,,,,,0,0,0,0,0
Krissi001,volunteer,,TRUE,,TRUE,2/13/17,,,,28,10,17,0,55
krissie,normal,,,,,,,,,1,0,0,0,1
KristenSpork,normal,12/31/13,,,,,,,,0,0,0,0,0
kronix,volunteer,,TRUE,,,,,,,2,0,1,0,3
KubusRubus,normal,,,,,,,,,15,0,5,0,20
kuschelirmel,volunteer,,TRUE,,TRUE,8/8/17,,,,33,3,22,0,58
KylieKeene,volunteer,,TRUE,,,,,,,0,0,0,0,0
l-courni,normal,,,,,,,,,0,0,3,0,3
l8,volunteer,,TRUE,,,,,,,2,0,2,0,4
LabyrinthCreations,volunteer,,TRUE,,,,,,,9,0,0,0,9
lady-atropos,volunteer,,TRUE,,,,,,,0,0,0,0,0
Lady-Blue,volunteer,,TRUE,,,,,,,1,1,2,0,4
Lady-Twiglet,volunteer,,TRUE,,,,,,,19,1,16,2,38
LadyGaga,normal,3/1/10,,,TRUE,,,April fools joke,,0,0,0,0,0
LadyLincoln,volunteer,,TRUE,,TRUE,6/10/17,,,,2,0,1,0,3
Lakaia,normal,,,,,,,,,0,0,2,0,2
larafairie,normal,,,,TRUE,2/8/17,,,,2,0,7,0,9
LasGaviotas,staff,,,TRUE,,,,,,0,0,0,0,0
Lauraest,normal,,,,,,,,,6,0,13,0,19
laurart,normal,,,,,,,,,13,0,12,0,25
LauraTex,staff,,,TRUE,,,,,,0,1,1,0,2
Laurazee,normal,,,,,,,,,1,0,2,0,3
Laurence55,normal,,,,,,,,,2,0,4,0,6
laurent-bigsool,normal,,,,,,,,,0,0,0,0,0
LawrenceDeDark,volunteer,,TRUE,,,,,,,0,0,0,0,0
lazybutt,normal,,,,TRUE,8/7/17,,,,0,0,0,0,0
leaf-lover,volunteer,,TRUE,,,,,,,0,0,0,0,0
LeashaAHooker,normal,,,,,,,,,1,0,10,0,11
Leelor,staff,,,TRUE,,,,,,0,4,1,0,5
leflow,normal,,,,,,,,,0,0,0,0,0
leloops,normal,,,,TRUE,11/3/17,,,,3,0,4,0,7
lemontea,volunteer,,TRUE,,,,,,,0,0,0,0,0
len-yan,normal,,,,,,,,,0,0,0,0,0
lendrick,normal,,,,,,,,,0,6,0,0,6
LeoLeonardo,normal,,,,,,,,,0,0,0,0,0
leoraigarath,normal,12/9/08,,,,,,,,6,0,4,0,10
lepidosteus,staff,,,TRUE,,,,,,1,2,0,0,3
LeSeanThomas,normal,,,,,,,,,0,0,6,0,6
LessThan9000,staff,,,TRUE,,,,,,0,1,0,0,1
lilbittydemon,normal,,,,,,,,,0,0,3,0,3
lilvdzwan,normal,,,,,,,,,3,0,1,0,4
LiliWrites,normal,6/29/12,,,,,,,,0,0,0,0,0
Lilyas,volunteer,,TRUE,,TRUE,3/14/17,,,,19,1,25,0,45
Limetastic,volunteer,,TRUE,,,,,,,0,0,0,0,0
limnersphere,normal,,,,,,,,,0,0,0,0,0
limnides,volunteer,,TRUE,,,,,,,0,0,0,0,0
lindelokse,normal,6/29/12,,,,,,,,11,0,9,0,20
LineBirgitte,volunteer,,TRUE,,,,,,,1,0,1,0,2
lintu47,normal,12/14/11,,,TRUE,3/13/17,,,,0,0,0,0,0
liquify,normal,,,,TRUE,,,,,0,1,0,0,1
lithiumpicnic,normal,,,,,,,,,0,0,1,0,1
lithriel,normal,,,,,,,,,1,0,0,0,1
Little-Vampire,volunteer,,TRUE,,,,,,,14,2,2,0,18
littlefishey,volunteer,,TRUE,,,,,,,11,2,2,0,15
livius,volunteer,,TRUE,,,,,,,11,2,8,0,21
lllo0o0olll,normal,,,,,,,,,0,0,1,0,1
lockstock,normal,,,,TRUE,9/7/17,,,,0,0,10,0,10
loiden,normal,,,,,,,,,0,0,1,0,1
loish,normal,,,,,,,,,1,0,3,0,4
lolitaAgogo,normal,,,,,,,,,8,2,11,0,21
londonxpress,normal,,,,TRUE,4/5/17,,,,0,1,7,0,8
lonnietaylor,volunteer,,TRUE,,,,,,,7,0,4,0,11
LorrieWhittington,volunteer,,TRUE,,,,,,,21,0,13,0,34
lost-angle,volunteer,3/1/10,TRUE,,,,,,,5,3,1,0,9
LostKitten,normal,3/1/10,,,TRUE,4/10/17,,,,2,2,1,0,5
lotus,normal,,,,,,,,,0,0,1,0,1
LOVEintheSNOW,normal,12/14/11,,,,,,,,2,0,3,0,5
LovittGirl,normal,,,,,,,,,6,1,8,0,15
lucid-light,normal,7/7/14,,,,,,,,3,0,4,0,7
LuneBleu,normal,,,,,,,,,2,0,9,0,11
luniara,normal,1/13/13,,,,,,,,1,0,0,0,1
lurso,staff,,,TRUE,,,,Former staff,,0,2,0,0,2
lyastri,volunteer,,TRUE,,,,,Former volunteer,,0,0,0,0,0
M-A-F,normal,7/7/14,,,,,,,,0,0,4,0,4
mackattack23,volunteer,,TRUE,,,,,Former volunteer,,21,4,2,0,27
MacRebisz,volunteer,,TRUE,,,,,Former volunteer,,5,0,1,0,6
madcoffee,normal,,,,,,,,,1,0,6,0,7
MADmoiselleMeli,normal,7/7/14,,,,,,,,1,0,3,0,4
madnessism,volunteer,,TRUE,,,,,Former volunteer,,5,4,3,0,12
Magical525,normal,12/31/13,,,,,,,,0,0,0,0,0
MagicalJoey,normal,1/13/13,,,,,,,,2,0,3,0,5
Majnouna,volunteer,,TRUE,,,,,,,8,0,3,0,11
MAMBITO1320,staff,,,TRUE,,,,,,0,3,0,0,3
MajorGeneralWhiskers,normal,,,,TRUE,,,April fools joke,,0,0,0,0,0
mamiffer,volunteer,,TRUE,,,,,,,0,0,0,0,0
manic-cure,normal,,,,,,,,,9,1,6,0,16
mauricioestrella,volunteer,,TRUE,,,,,,,4,1,2,0,7
Manu-80,normal,,,,,,,,,2,0,3,0,5
manyk,normal,,,,,,,,,0,0,0,0,0
marble911,normal,,,,,,,,,3,0,5,0,8
MarcelaBolivar,normal,,,,,,,,,2,0,4,0,6
marcyintellect,normal,,,,,,,,,1,0,1,0,2
margotdent,normal,,,,,,,,,0,2,3,0,5
Marker-Guru,volunteer,,TRUE,,,,,,,11,1,2,0,14
MarkReady,staff,,,TRUE,,,,,,1,4,1,0,6
Marq,normal,,,,,,,,,0,0,0,0,0
MartaNael,normal,,,,,,,,,0,0,5,0,5
martypunker,volunteer,,TRUE,,,,,,,23,2,10,0,35
MARX77,normal,,,,TRUE,2/15/17,,,,10,3,11,0,24
Matt-Mills,volunteer,,TRUE,,,,,,,25,1,24,0,50
mattdanna,staff,,,TRUE,,,,,,17,14,14,0,45
MattGAllan,normal,,,,,,,,,0,0,0,0,0
MattSpire,volunteer,,TRUE,,,,,,,3,0,5,0,8
Matthew-T,normal,,,,,,,,,0,0,0,0,0
maxwell-heza,volunteer,,TRUE,,,,,,,1,0,0,0,1
maytel,volunteer,,TRUE,,,,,,,6,0,5,0,11
meago,normal,,,,,,,,,1,0,0,0,1
meanbones,staff,,,TRUE,,,,,,5,5,1,0,11
MegerisAzarael,normal,,,,,,,,,1,0,0,0,1
megturney,staff,,,TRUE,,,,,,1,4,3,0,8
MegMcMuffin,volunteer,,TRUE,,,,,,,23,2,5,0,30
mehmeturgut,normal,,,,,,,,,2,0,10,0,12
meikahidenori,normal,3/1/10,,,,,,,,1,0,1,0,2
MelGama,normal,12/14/11,,,TRUE,2/12/17,,,,2,0,7,0,9
melocopter,normal,12/9/08,,,,,,,,0,3,2,0,5
melodymaker,normal,,,,,,,,,1,5,3,0,9
Memnalar,volunteer,,TRUE,,,,,Former volunteer,,18,2,19,0,39
memod,normal,,,,,,,,,2,1,2,0,5
mental,normal,,,,,,,,,4,0,1,0,5
meredith,volunteer,,TRUE,,,,,Former volunteer,,0,0,2,0,2
Metaru,volunteer,,TRUE,,,,,Former volunteer,,0,0,0,0,0
mgee,normal,,,,TRUE,,,Deviousness award recipient (date•À_•À__•À_•À__?),,0,0,0,0,0
mhalpert,normal,,,,,,,,,0,10,0,1,11
Mheltin,normal,3/1/10,,,,,,,,2,0,3,0,5
MichaelFaber,normal,,,,,,,,,3,0,1,0,4
MichaelMagin,normal,,,,,,,,,0,0,1,0,1
Michel-Lag-Chavarria,normal,,,,,,,,,9,5,34,0,48
mick-mick,volunteer,,TRUE,,TRUE,7/4/17,,Former volunteer,,6,4,5,0,15
micro-D,normal,,,,,,,,,2,0,0,0,2
MidNight-Vixen,normal,12/31/13,,,,,,,,0,0,0,0,0
mikepav,normal,12/9/08,,,,,,,,1,0,0,0,1
MiloticScale,normal,1/13/13,,,,,,,,13,0,24,0,37
Minato-Kushina,normal,1/13/13,,,,,,,,5,0,5,0,10
minix,normal,,,,,,,,,0,0,0,0,0
MinorKey,volunteer,,TRUE,,,,,Former volunteer,,4,0,2,0,6
mintyy,volunteer,,TRUE,,,,,Former volunteer,,36,0,16,0,52
mirrorkills,volunteer,,TRUE,,,,,Former volunteer,,2,1,5,0,8
mirz-alt,normal,1/13/13,,,,,,,,0,0,0,0,0
Mirz123,normal,,,,,,,,,8,2,14,0,24
Misantropia,normal,,,,,,,,,9,1,8,0,18
Mishelangello,normal,,,,,,,,,1,0,8,0,9
miskis,normal,,,,,,,,,0,0,0,0,0
Miss-It-Girl,volunteer,,TRUE,,,,,,,5,2,1,0,8
MissLunaRose,normal,1/13/13,,,,,,,,0,0,0,0,0
missmisery,normal,,,,,,,,,1,0,7,0,8
MissShyly,volunteer,,TRUE,,,,,,,1,0,3,0,4
MisterDoyle,normal,,,,,,,,,0,0,0,0,0
Mistress-Jaeden,volunteer,,TRUE,,,,,,,3,0,3,0,6
MistressWit,volunteer,,TRUE,,,,,,,25,3,5,0,33
Mithgariel,normal,,,,,,,,,2,0,0,0,2
mjranum,normal,12/14/11,,,,,,,,0,0,0,0,0
mjranum-stock,normal,,,,,,,,,0,0,0,0,0
mnoo,normal,,,,TRUE,5/5/17,,,,2,0,1,0,3
moeffju,normal,,,,,,,,,0,0,3,0,3
Mollinda,volunteer,,TRUE,,TRUE,5/10/17,,,,19,1,11,1,32
mom-the-bomb,normal,12/9/08,,,,,,,,12,3,4,0,19
monatorgersen,normal,,,,,,,,,11,1,2,0,14
mongi,normal,,,,,,,,,0,0,1,0,1
MonicaMarinho,normal,,,,,,,,,10,0,4,0,14
mooboy,volunteer,,TRUE,,,,,,,8,2,12,1,23
MoleyVyrus,normal,,,,,,,,,4,0,2,0,6
mooncalfe,normal,,,,,,,,,0,0,3,0,3
Morris88,staff,,,TRUE,,,,,,12,8,8,0,28
mothnode,volunteer,,TRUE,,,,,,,0,0,3,0,3
Mrcrapinson,normal,,,,,,,,,0,0,0,0,0
Mrichston,normal,,,,,,,,,1,0,4,0,5
mrrste,volunteer,,TRUE,,,,,,,7,1,1,1,10
mrsaturn,normal,,,,,,,,,0,0,0,0,0
MSJames,normal,,,,,,,,,6,0,3,0,9
MumblingIdiot,normal,12/31/13,,,,,,,,0,0,2,0,2
musicinmyhead,volunteer,,TRUE,,,,,Former volunteer,,0,0,0,0,0
muzikkman,normal,,,,,,,,,0,0,0,0,0
Myana,volunteer,,TRUE,,,,,Former volunteer,,31,4,9,0,44
Myangelofmusic,normal,,,,TRUE,2/5/17,,Deviousness award recipient (February 2005),,1,0,2,0,3
mydeadpony,normal,3/1/10,,,,,,,,0,0,5,0,5
mygrane,normal,,,,TRUE,,,Deviousness award recipient (October 2003),,1,0,1,0,2
myheadphones,normal,,,,,,,,,1,0,4,0,5
mykel,volunteer,,TRUE,,,,,Former volunteer,,1,0,0,0,1
mynti,staff,,,TRUE,,,,Former staff,,3,2,3,0,8
MyntKat,volunteer,,TRUE,,,,,Former volunteer,,7,4,2,0,13
mysticsick,normal,,,,,,,Deviousness award recipient (date•À_•À__•À_•À__?),,0,0,0,0,0
myraincheck,volunteer,,TRUE,,,,,Former volunteer,,6,0,3,0,9
myrnajacobs,normal,,,,,,,,,1,0,3,1,5
mzperx,normal,,,,,,,,,0,0,0,0,0
MzzAzn,volunteer,,TRUE,,,,,Former volunteer,,2,0,1,0,3
n05feratu,normal,,,,,,,,,0,0,0,0,0
NalaFontaine,volunteer,,TRUE,,,,,Former volunteer,,1,0,0,0,1
Nameda,normal,,,,,,,,,14,3,19,0,36
Narfmaster,volunteer,,TRUE,,,,,Former volunteer,,31,5,5,0,41
nasakii,volunteer,,TRUE,,,,,Former volunteer,,2,2,1,0,5
NatalieKelsey,volunteer,,TRUE,,,,,Former volunteer,,1,0,3,0,4
Navagon,normal,,,,,,,,,0,0,0,0,0
ndifference,volunteer,,TRUE,TRUE,,,,Former volunteer,,10,0,12,0,22
nebu,normal,,,,,,,,,0,0,0,0,0
Negatic,volunteer,,TRUE,,,,,Former volunteer,,0,0,0,0,0
neiio,volunteer,,TRUE,,,,,Former volunteer,,0,0,0,0,0
nemish,normal,,,,,,,,,0,1,1,0,2
nemoorange,normal,,,,,,,,,1,0,0,0,1
nenina,normal,,,,,,,Deviousness award recipient (May 2004),,1,0,1,0,2
neo-the-foxycoon,volunteer,,TRUE,,,,,Former volunteer,,15,4,6,0,25
NEOkeitaro,normal,,,,,,,,,1,2,2,0,5
neom,volunteer,,TRUE,,,,,Former volunteer,,1,0,0,0,1
nervene,volunteer,,TRUE,,,,,Former volunteer,,1,0,0,0,1
Nestalgica,normal,,,,,,,,,5,0,5,1,11
netghost,normal,,,,,,,,,0,0,2,0,2
neurotype,volunteer,6/29/12,TRUE,,,,,Former volunteer,,13,0,18,0,31
neverdying,normal,,,,,,,,,5,1,6,0,12
newklear,normal,,,,,,,,,4,1,2,0,7
Nicasus,volunteer,,TRUE,,,,,Former volunteer,,1,0,2,0,3
Nichrysalis,volunteer,,TRUE,,,,,,,10,0,8,1,19
nicolas-gouny-art,normal,12/14/11,,,,,,,,2,0,0,0,2
nieman,volunteer,,TRUE,,,,,,,1,0,0,0,1
night-fate,normal,,,,,,,,,0,0,0,0,0
nighty,volunteer,,TRUE,,,,,,,8,0,14,0,22
NikiVandermosten,volunteer,,TRUE,,,,,,,31,1,3,0,35
nikosalpha,normal,,,,,,,,,0,0,3,0,3
nimra,normal,,,,,,,,,0,0,0,0,0
ninebark,normal,7/7/14,,,,,,,,3,1,2,0,6
ninjabrick,volunteer,,TRUE,,,,,,,8,3,7,0,18
niteangel,normal,,,,,,,,,4,2,11,0,17
niwi,volunteer,,TRUE,,,,,,,2,0,4,2,8
NKYC,volunteer,,TRUE,,,,,,,0,0,0,0,0
nocaed,normal,,,,,,,,,2,4,3,0,9
Nodren,staff,,,TRUE,,,,,,0,3,1,0,4
noir,volunteer,,TRUE,,,,,,,0,1,6,0,7
nokari,volunteer,,TRUE,,,,,,,0,0,2,0,2
nonculture,volunteer,,TRUE,,,,,,,2,0,3,1,6
Nonnetta,normal,,,,,,,,,0,0,0,0,0
Norke,volunteer,,TRUE,,,,,Former volunteer,,4,1,3,0,8
northengirl,normal,,,,,,,Deviousness award recipient (September 2006),,0,0,1,0,1
nosugarjustanger,normal,,,,,,,,,8,1,19,0,28
noxiousone,volunteer,,TRUE,,,,,Former volunteer,,0,0,0,0,0
NunoDias,volunteer,,TRUE,,,,,Former volunteer,,0,0,1,0,1
NunoPires,normal,,,,,,,,,0,0,0,0,0
nutnics,staff,,,TRUE,,,,Former staff,,0,3,0,0,3
nuvem,normal,,,,,,,,,0,0,1,0,1
Nyiana-sama,volunteer,,TRUE,,,,,Former volunteer,,0,0,0,0,0
nycterent,volunteer,,TRUE,,,,,Former volunteer,,8,1,6,0,15
NyssaCreative,normal,,,,,,,,,0,0,0,0,0
Nyx-Valentine,volunteer,,TRUE,,,,,Former volunteer,,2,1,0,0,3
o-KOUKLA-o,normal,,,,,,,,,2,8,1,0,11
O-Uaglione,volunteer,,TRUE,,,,,Former volunteer,,22,2,6,0,30
object2bdestroyd,volunteer,,TRUE,,,,,Former volunteer,,0,1,4,0,5
OceanAtEndofTheLane,normal,,,,,,,,,5,1,2,0,8
OchreJelly,normal,,,,,,,,,0,0,2,0,2
oedalis,volunteer,,TRUE,,,,,,,2,0,1,0,3
OfOneSoul,normal,1/13/13,,,,,,,,9,0,11,0,20
oh-my-goat,volunteer,,TRUE,,,,,,,2,3,3,0,8
Ohno-moment,normal,,,,,,,,,0,0,0,0,0
ohnojaylo,volunteer,,TRUE,,,,,,,0,0,0,0,0
oibyrd,volunteer,,TRUE,,,,,,,23,1,19,0,43
oilsoaked,volunteer,,TRUE,,,,,,,9,0,2,0,11
OliverJanoschek,staff,,,TRUE,,,,,,1,0,3,0,4
Olw,normal,,,,,,,,,0,0,0,0,0
olya,volunteer,,TRUE,,,,,,,3,0,5,0,8
omniomi,volunteer,,TRUE,,,,,,,0,0,1,0,1
OmNomNomNomNomNomm,normal,7/7/14,,,,,,,,0,0,0,0,0
OneFreeInternet,volunteer,,TRUE,,,,,,,2,0,4,0,6
OpalMist,volunteer,,TRUE,,,,,,,23,3,9,0,35
opioid,volunteer,,TRUE,,,,,,,39,3,11,0,53
OracleErin,normal,,,,,,,,,1,3,4,0,8
orangefruits,normal,,,,,,,,,0,0,0,0,0
orbital,normal,,,,,,,,,0,1,3,0,4
ost2life,volunteer,,TRUE,,,,,Former volunteer,,1,1,0,0,2
OtisBee,volunteer,,TRUE,,,,,Former volunteer,,4,0,0,1,5
Oukan,volunteer,,TRUE,,,,,Former volunteer,,15,3,2,0,20
p-51,normal,,,,,,,,,3,0,3,0,6
pacman23,normal,,,,,,,,,1,0,9,0,10
paellamagi,volunteer,,TRUE,,,,,Former volunteer,,9,3,3,0,15
Pakaku,normal,1/13/13,,,,,,,,0,0,1,0,1
pantopicon,normal,,,,,,,,,3,0,1,0,4
parallellogic,normal,3/1/10,,,,,,Alpha tester,,2,5,6,0,13
parasight,normal,,,,,,,,,0,0,3,0,3
parliamentFunk,volunteer,,TRUE,,,,,Former volunteer,,13,0,6,0,19
paroxysm,normal,,,,,,,,,0,1,10,0,11
PatrickRuegheimer,normal,,,,,,,,,13,0,8,0,21
PattersonArt,normal,,,,,,,,,2,2,3,0,7
Paula-Rosa,normal,,,,,,,,,6,1,13,0,20
pulbern,normal,,,,,,,,,17,0,21,0,38
pbois,normal,,,,,,,Deviousness award recipient (date•À_•À__•À_•À__?),,0,0,0,0,0
peggymintun,normal,,,,,,,,,2,1,11,0,14
Pelicanh,normal,,,,,,,,,0,0,0,0,0
pendlestock,normal,,,,,,,,,4,2,2,0,8
PerryGallagher,normal,12/9/08,,,,,,,,1,1,8,0,10
peskaa,volunteer,,TRUE,,,,,Former volunteer,,6,3,4,0,13
Pete-B,volunteer,,TRUE,,,,,Former volunteer,,8,0,2,0,10
petrova,normal,,,,,,,,,12,2,13,1,28
phae,normal,,,,TRUE,,,Former alumni,,5,0,1,0,6
phc,normal,,,,,,,,,0,0,1,0,1
phlezk,normal,,,,,,,,,6,1,5,0,12
Phoenix-22,normal,,,,,,,,,2,0,3,0,5
PhoenixDestruction,normal,12/31/13,,,,,,,,4,0,9,0,13
phoenixleo,normal,,,,,,,Deviousness award recipient (January 2011),,0,0,0,0,0
photofairy,normal,,,,,,,,,4,0,2,0,6
photofroggy,volunteer,,TRUE,,,,,Former volunteer,,0,0,2,0,2
photonig,normal,,,,,,,,,7,0,5,0,12
Photosbykev,volunteer,,TRUE,,,,,Former volunteer,,32,2,6,0,40
phusion,normal,,,,,,,,,1,0,2,0,3
phydeau,normal,12/14/11,,,,,,,,10,1,29,0,40
picard102,volunteer,,TRUE,,,,,Former volunteer,,5,0,5,0,10
pickledeer,normal,,,,,,,,,6,0,3,0,9
piedude,normal,,,,,,,,,0,0,0,0,0
pinguino,volunteer,,TRUE,,,,,Former volunteer,,24,6,14,1,45
pinkhavok,normal,6/29/12,,,,,,,,0,0,0,0,0
PinkyMcCoversong,normal,,,,,,,Deviousness•À_•À__•À_•À__award recipient (August 2013),,7,0,5,0,12
pixelcatalyst,normal,,,,,,,,,3,2,13,0,18
pixelphreak,normal,,,,,,,,,0,0,4,0,4
PixlPhantasy,normal,,,,,,,,,4,0,7,0,11
Pixydream,normal,,,,,,,,,1,0,0,0,1
PizzaPotatoNBacon,normal,,,,,,,,,1,0,7,0,8
plastic,normal,,,,,,,,,0,0,0,0,0
PlasticusForkus,normal,1/13/13,,,,,,,,5,1,5,0,11
Platinus,volunteer,,TRUE,,,,,Former volunteer,,24,0,9,0,33
plugge,normal,,,,,,,,,0,0,0,0,0
PoeticWar,volunteer,,TRUE,,,,,Former volunteer,,7,0,11,0,18
poeticks,normal,,,,,,,Club account,,0,0,0,0,0
poisonedrose,normal,,,,,,,,,5,1,12,0,18
Pola-444,volunteer,,TRUE,,,,,Former volunteer,,5,1,0,1,7
PolarisAstrum,normal,12/31/13,,,,,,,,1,0,1,0,2
PolyMune,volunteer,,TRUE,,,,,Former volunteer,,4,0,2,0,6
PorcelainPoet,volunteer,,TRUE,,,,,Former volunteer,,10,0,8,0,18
possiblyben,normal,,,,,,,,,0,0,2,0,2
precurser,normal,,,,,,,Deviousness•À_•À__•À_•À__award recipient (date•À_•À__•À_•À__?),,2,6,8,0,16
premise,normal,,,,,,,,,0,0,0,0,0
pressf8,normal,,,,,,,,,0,0,0,0,0
princepal,volunteer,,TRUE,,,,,Former volunteer,,2,1,4,0,7
Princess-Amy,normal,,,,,,,,,3,0,3,0,6
Princess-of-Shadows,normal,,,,,,,,,0,0,2,0,2
princessmorgan,normal,,,,,,,,,2,0,1,0,3
priteeboy,normal,,,,,,,,,0,0,0,0,0
psyfect,normal,,,,,,,,,0,0,0,0,0
puddlefisher,volunteer,,TRUE,,,,,Former volunteer,,0,0,0,0,0
Puglife29,normal,,,,,,,,,0,2,1,0,3
PukeChrist,volunteer,,TRUE,,,,,Former volunteer,,12,2,2,1,17
PunknEra,normal,,,,,,,,,0,0,0,0,0
pupasoul,normal,,,,,,,,,2,0,2,0,4
PurpelBlur,volunteer,,TRUE,,,,,Former volunteer,,84,7,34,1,126
pwassonne,normal,7/7/14,,,,,,,,1,0,1,0,2
pyriel,normal,,,,,,,Deviousness•À_•À__•À_•À__award recipient (date•À_•À__•À_•À__?),,1,0,1,1,3
Pyritie,volunteer,3/1/10,TRUE,,,,,Former volunteer,,0,1,0,0,1
pyros,normal,,,,,,,Deviousness•À_•À__•À_•À__award recipient (date•À_•À__•À_•À__?),,0,0,2,0,2
Qinni,normal,12/31/13,,,,,,,,1,0,3,0,4
qrunchmonkey,volunteer,,TRUE,,,,,,,0,0,0,0,0
Queen-Soulia,normal,7/7/14,,,,,,,,0,0,1,0,1
queenhrosie,normal,,,,,,,,,0,0,3,0,3
quickdraw,volunteer,,TRUE,,,,,,,1,0,0,0,1
quila111,normal,,,,,,,,,0,0,1,0,1
Qulastro,staff,,,TRUE,,,,,,0,4,1,0,5
Quolia,normal,6/29/12,,,,,,,,19,2,25,0,46
r0b,normal,,,,,,,,,0,0,0,0,0
rachelillustrates,normal,,,,,,,,,1,0,0,0,1
Rachzee,normal,,,,,,,,,5,0,5,0,10
radink,normal,,,,,,,,,0,0,0,0,0
radiophonic,volunteer,,TRUE,,,,,,,3,0,4,0,7
radiositysg,volunteer,,TRUE,,,,,,,7,3,1,0,11
radman1,normal,,,,,,,,,0,0,3,0,3
Raggatron,volunteer,,TRUE,,,,,,,7,0,7,0,14
Rahiden,normal,1/13/13,,,,,,,,0,0,0,0,0
Rahll,normal,,,,,,,Deviousness•À_•À__•À_•À__award recipient (June 2012),,3,0,2,0,5
rain1man,normal,,,,,,,,,1,0,2,0,3
RainCookie,normal,3/1/10,,,,,,,,4,2,2,0,8
rainylake,normal,7/7/14,,,,,,,,3,2,24,0,29
RamenBoy,normal,,,,,,,,,0,0,0,0,0
rapidograph,volunteer,,TRUE,,,,,,,26,2,18,0,46
raspil,normal,1/13/13,,,,,,,,12,1,17,0,30
rave8259,normal,,,,,,,,,0,0,0,0,0
Ravenari,normal,1/13/13,,,,,,,,0,0,0,0,0
Ravenswd,normal,1/13/13,,,,,,,,8,0,10,0,18
raysheaf,normal,7/7/14,,,,,,,,5,0,2,0,7
rayvinazn,normal,,,,,,,,,3,0,3,1,7
realillusions,volunteer,,TRUE,,,,,,,0,0,0,0,0
Reaper-X,volunteer,3/1/10,TRUE,,,,,,,11,1,5,1,18
rebelchic,normal,,,,,,,,,0,0,1,0,1
red5,normal,,,,,,,,,3,0,1,0,4
Rednaxling,volunteer,,TRUE,,,,,,,2,0,0,0,2
reiiz,staff,,,TRUE,,,,,,0,11,4,0,15
Rendarin,volunteer,,TRUE,,,,,,,2,2,0,1,5
renonevada,staff,,,TRUE,,,,,,1,0,0,0,1
Resaturatez,volunteer,,TRUE,,,,,,,0,0,0,0,0
RetroZombie,normal,,,,,,,,,8,0,12,0,20
RezzanATAKOL,normal,6/29/12,,,,,,,,3,0,14,0,17
rhapsouldize,volunteer,,TRUE,,,,,,,2,0,1,0,3
RhoadesAsylum,normal,,,,,,,,,0,0,1,0,1
RhynWilliams,normal,7/7/14,,,,,,,,0,0,0,0,0
Ricardo-Rick,volunteer,,TRUE,,,,,,,30,1,13,0,44
richardbrady,staff,,,TRUE,,,,,,0,0,0,0,0
richten,normal,,,,,,,,,3,0,0,0,3
Riemea,normal,12/31/13,,,,,,,,1,0,13,0,14
RipfangDragon,normal,,,,,,,,,0,0,2,0,2
ritzcrackaa,normal,,,,,,,,,0,0,1,0,1
rmpaul,volunteer,,TRUE,,,,,,,0,0,1,0,1
robcwilliams,normal,,,,,,,,,3,1,2,0,6
robert,staff,,,TRUE,,,,,,5,4,3,0,12
RockGirl1582,volunteer,,TRUE,,,,,,,0,0,0,0,0
rocksicle,volunteer,,TRUE,,,,,,,3,0,1,0,4
RockstarVanity,volunteer,,TRUE,,,,,,,0,0,0,0,0
Rogue-Of-The-Night,normal,,,,,,,,,0,0,0,0,0
Romaji,normal,1/13/13,,,,,,,,15,1,4,0,20
roninbearz,normal,,,,,,,,,0,0,2,0,2
Rose-Rayne,normal,,,,,,,,,15,1,5,0,21
rotane,staff,,,TRUE,,,,Alpha tester,,2,0,2,0,4
RotoDisk,normal,6/29/12,,,,,,,,3,0,1,0,4
rougeux,normal,,,,,,,,,2,1,7,0,10
roy-sac,normal,,,,,,,,,1,0,1,0,2
Rubius,normal,,,,,,,,,7,0,10,0,17
Rubycored,normal,,,,,,,,,1,0,1,0,2
rulian,normal,,,,,,,,,0,0,0,0,0
runboy82,staff,,,TRUE,,,,Former staff,,3,3,3,0,9
rush,staff,,,TRUE,,,,Former staff,,0,0,0,0,0
Rushy,normal,,,,,,,Deviousness•À_•À__•À_•À__award recipient (July 2009),,8,2,9,0,19
Ry-Spirit,volunteer,,TRUE,,,,,Former volunteer,,0,0,0,0,0
ryano292,normal,,,,,,,,,0,0,0,0,0
rydi1689,volunteer,,TRUE,,,,,Former volunteer,,16,0,9,0,25
rzero,volunteer,,TRUE,,,,,Former volunteer,,0,0,0,0,0
sa-cool,normal,,,,,,,,,0,0,0,0,0
sabotage,normal,,,,,,,,,0,0,0,0,0
sags,normal,,,,,,,,,0,0,2,0,2
Saimain,normal,,,,,,,,,2,0,4,0,6
saintartaud,normal,,,,,,,,,2,0,3,0,5
saladoche,staff,,,TRUE,,,,Former staff,,0,0,0,0,0
salshep,normal,,,,,,,,,5,0,7,0,12
sambees,volunteer,12/9/08,TRUE,,,,,Former volunteer,,2,0,5,0,7
Same-side,normal,12/31/13,,,,,,,,0,0,0,0,0
samshull,staff,,,TRUE,,,,Former staff,,0,6,0,0,6
san-tor,normal,,,,,,,,,1,0,1,0,2
sandara,normal,12/31/13,,,,,,,,0,0,4,0,4
SandraPelly,volunteer,,TRUE,,,,,Former volunteer,,23,1,9,0,33
SanguineEpitaph,normal,,,,,,,,,7,2,1,0,10
sanguru,normal,,,,,,,,,2,1,5,0,8
sasso,normal,,,,,,,Deviousness•À_•À__•À_•À__award recipient (date•À_•À__•À_•À__?),,0,0,1,0,1
SaTaNiA,volunteer,3/1/10,TRUE,,,,,Alpha taster,,13,7,21,0,41
savagebinn,volunteer,,TRUE,,,,,Former volunteer,,10,1,4,0,15
SavageFrog,normal,1/13/13,,,,,,,,5,0,10,0,15
scaramoushe,normal,,,,,,,,,0,0,0,0,0
scarletwave,volunteer,,TRUE,,,,,Former volunteer,,3,0,6,0,9
Scellanis,normal,12/14/11,,,,,,,,1,1,0,0,2
ScENeYmE,volunteer,,TRUE,,,,,Former volunteer,,0,0,0,0,0
scheinbar,normal,,,,,,,Deviousness•À_•À__•À_•À__award recipient (September 2014),,1,0,5,0,6
schemata-69,volunteer,,TRUE,,,,,Former volunteer,,2,1,0,0,3
scissors-hands,normal,,,,,,,,,0,0,1,0,1
scottb,volunteer,,TRUE,,,,,Former volunteer,,1,0,7,0,8
scottjamesprebble,normal,,,,,,,,,3,0,8,0,11
scotto,normal,,,,,,,,,0,0,4,0,4
scottpagano,normal,12/9/08,,,,,,,,0,0,0,0,0
scrapsaurus,volunteer,,TRUE,,,,,Former volunteer,,2,0,1,0,3
screamandsugar,normal,,,,,,,,,3,2,5,0,10
scripto,normal,,,,,,,,,0,0,0,0,0
SeaFairy,normal,,,,,,,,,1,0,3,0,4
SeanDietrich,normal,,,,,,,,,2,0,1,0,3
secondmagpie,volunteer,,TRUE,,,,,Former volunteer,,13,2,5,0,20
Senecal,normal,,,,,,,,,1,1,8,0,10
SeniorEvents,normal,,,,,,,Club account,,0,0,0,0,0
SenshiStock,normal,,,,,,,Deviousness•À_•À__•À_•À__award recipient (February 2014),,0,0,1,0,1
sephirot,normal,,,,,,,Deviousness•À_•À__•À_•À__award recipient (date•À_•À__•À_•À__?),,0,0,0,0,0
sergibosch,normal,,,,,,,,,0,4,0,0,4
serpentinekiss,volunteer,,TRUE,,,,,Former volunteer,,1,0,2,0,3
shadowedacolyte,volunteer,12/31/13,TRUE,,,,,Former volunteer,,0,0,0,0,0
shadowhand,staff,,,TRUE,,,,Former staff,,0,7,3,0,10
shadowmageix,normal,,,,,,,,,0,0,1,0,1
shagie,normal,,,,,,,,,0,0,1,0,1
Shalora,volunteer,,TRUE,,,,,Former volunteer,,0,0,0,0,0
shawkash,normal,,,,,,,,,1,0,5,0,6
shawno1insf,normal,,,,,,,,,0,0,0,0,0
shaymacmorran,volunteer,,TRUE,,,,,Former volunteer,,2,2,2,0,6
shea-,normal,,,,,,,,,0,0,0,0,0
shebid,volunteer,,TRUE,,,,,Former volunteer,,8,0,4,0,12
shell4art,volunteer,,TRUE,,,,,Former volunteer,,16,2,10,0,28
shelldevil,volunteer,,TRUE,,,,,Former volunteer,,3,0,0,0,3
shendykurnia,staff,,,TRUE,,,,Former staff,,0,0,0,0,0
ShePaintsWithBlood,normal,,,,,,,,,1,0,2,0,3
sherlocknyc,staff,,,TRUE,,,,Former staff,,0,0,0,0,0
shingworks,normal,12/9/08,,,,,,,,0,0,1,0,1
shkvarchuk,staff,,,TRUE,,,,Former staff,,0,0,0,0,0
ShoneGold,volunteer,,TRUE,,,,,Former volunteer,,40,2,8,0,50
Shoofly-Stock,normal,,,,,,,,,0,0,0,0,0
showna,normal,,,,,,,,,0,0,1,0,1
shri,normal,,,,,,,,,0,1,3,0,4
Shue13,volunteer,,TRUE,,,,,Former volunteer,,5,0,2,0,7
shutdown,volunteer,,TRUE,,,,,Former volunteer,,19,2,6,0,27
shuttermonkey,volunteer,,TRUE,,,,,Former volunteer,,2,0,2,0,4
Shy-Too-Shy,normal,12/9/08,,,,,,,,3,1,4,0,8
Shyree,staff,,,TRUE,,,,Former staff,,9,16,12,1,38
sideshowmonkey,normal,12/9/08,,,,,,,,0,1,3,0,4
siebenzehn,normal,,,,,,,,,1,0,0,0,1
SigurdHosenfeld,normal,,,,,,,,,3,0,0,0,3
silentkitty,volunteer,,TRUE,,,,,Former volunteer,,3,0,2,0,5
siltrince,normal,,,,,,,,,0,0,0,0,0
silvanderwoerd,normal,12/9/08,,,,,,,,0,0,0,0,0
silvein,staff,,,TRUE,,,,Former staff,,0,2,0,0,2
SilverInkblot,normal,,,,,,,,,1,0,0,0,1
SimonSawSunlight,normal,3/1/10,,,,,,,,2,0,0,0,2
SimplySilent,normal,7/7/14,,,,,,,,10,1,22,0,33
sine-out,volunteer,,TRUE,,,,,Former volunteer,,33,2,5,0,40
sirkel,normal,,,,,,,,,0,0,0,0,0
sirmorphix,normal,,,,,,,Deviousness•À_•À__•À_•À__award recipient (date•À_•À__•À_•À__?),,0,1,2,1,4
sirspy,normal,,,,,,,,,1,0,1,0,2
sis,normal,,,,,,,,,5,0,5,0,10
sixhours,normal,,,,,,,,,0,0,1,0,1
skiesofchaos,normal,,,,,,,,,6,0,7,0,13
skifi,volunteer,,TRUE,,,,,Former volunteer,,1,0,0,0,1
SkippyJr,volunteer,,TRUE,,,,,Former volunteer,,17,0,11,0,28
Skirtzzz,normal,12/31/13,,,,,,,,0,0,0,0,0
Skittleboi,staff,,,TRUE,,,,Links to Josh's Account,,0,0,0,0,0
skrath,normal,,,,,,,,,1,1,2,0,4
skyOrange,normal,,,,,,,Deviousness•À_•À__•À_•À__award recipient (date•À_•À__•À_•À__?),,0,0,1,0,1
slowdog294,normal,7/7/14,,,,,,,,2,1,6,0,9
smartmonkeee,normal,,,,,,,,,4,0,8,0,12
smokin9mirrors,normal,,,,,,,,,0,0,0,0,0
smashmethod,volunteer,,TRUE,,,,,Former volunteer,,0,0,0,0,0
SnapperRod,normal,12/14/11,,,,,,,,0,0,0,0,0
snowmask,volunteer,,TRUE,,,,,Former volunteer,,1,0,0,0,1
sodalicious,normal,,,,,,,Deviousness•À_•À__•À_•À__award recipient (July 2005),,1,0,1,0,2
Solitude12,normal,,,,,,,,,8,1,8,0,17
soninha,normal,,,,,,,,,0,0,1,0,1
Sophquest,volunteer,,TRUE,,,,,Former volunteer,,18,1,17,0,36
spacecoyote,normal,,,,,,,,,0,0,0,0,0
SparklyDest,volunteer,6/29/12,TRUE,,,,,Former volunteer,,21,0,17,0,38
SparrowSong,volunteer,,TRUE,,,,,Former volunteer,,9,0,11,0,20
spiritsighs,normal,,,,,,,,,2,0,8,0,10
splat,normal,,,,,,,,,5,3,3,0,11
splintered13,volunteer,,TRUE,,,,,Former volunteer,,4,1,0,0,5
Spoolaroo,normal,,,,,,,,,6,0,4,0,10
spot,normal,,,,,,,Former alumni,,5,7,10,0,22
spunj13,normal,,,,,,,,,1,1,4,0,6
spyroteknik,normal,,,,,,,Deviousness•À_•À__•À_•À__award recipient (September 2008),,0,0,3,0,3
SqueakyToybox,volunteer,,TRUE,,,,,Former volunteer,,1,0,2,0,3
SRaffa,volunteer,,TRUE,,,,,Former volunteer,,31,1,24,0,56
SRSmith,normal,,,,,,,,,8,0,11,0,19
SRudy,volunteer,,TRUE,,,,,Former volunteer,,5,0,5,0,10
ss2sonic,normal,7/7/14,,,,,,,,0,0,0,0,0
Sserenita,normal,,,,,,,Deviousness•À_•À__•À_•À__award recipient (March 2015),,0,0,0,0,0
ssilence,normal,12/9/08,,,,,,,,0,0,4,0,4
Staged,volunteer,,TRUE,,,,,Former volunteer,,1,0,2,0,3
StamatisGR,volunteer,,TRUE,,,,,Former volunteer,,1,0,0,0,1
StarsColdNight,normal,,,,,,,,,2,0,3,0,5
statichavoc,volunteer,,TRUE,,,,,Former volunteer,,3,1,3,0,7
stealthben,normal,,,,,,,,,0,0,0,0,0
SteavieLea,normal,,,,,,,Deviousness•À_•À__•À_•À__award recipient (May 2006),,5,0,2,0,7
Steph1254,volunteer,,TRUE,,,,,Former volunteer,,12,0,10,0,22
sterbenlicht,volunteer,,TRUE,,,,,Former volunteer,,0,0,0,0,0
stigmatattoo,volunteer,,TRUE,,,,,Former volunteer,,16,3,1,0,20
Sting1,volunteer,,TRUE,,,,,Former volunteer,,18,2,0,0,20
sTiViA,volunteer,,TRUE,,,,,Former volunteer,,2,0,0,0,2
StJoan,volunteer,,TRUE,,,,,Former volunteer,,55,4,33,0,92
straightfromcamera,volunteer,,TRUE,,,,,Former volunteer,,3,1,2,0,6
strangledbyart,normal,,,,,,,Deviousness•À_•À__•À_•À__award recipient (May 2006),,0,0,0,0,0
stuck-in-suburbia,normal,,,,,,,,,6,0,2,0,8
StudioFovea,volunteer,,TRUE,,,,,Former volunteer,,0,0,0,0,0
Stygma,normal,,,,,,,Apha tester,,1,0,10,0,11
sub-zero64,normal,,,,,,,,,0,0,0,0,0
Sugargrl14,normal,,,,,,,,,1,0,1,0,2
Subversive-imaginati,staff,,,TRUE,,,,Former staff,,2,0,1,0,3
SuicideBySafetyPin,volunteer,,TRUE,,,,,Former volunteer,,16,2,16,1,35
summaro,volunteer,,TRUE,,,,,Former volunteer,,10,1,4,0,15
supadoodles,staff,,,TRUE,,,,Former staff,,0,3,0,0,3
superkev,volunteer,,TRUE,,,,,Former volunteer,,5,0,5,0,10
suzaku009,normal,,,,,,,,,5,0,4,1,10
Suzanne-Helmigh,normal,7/7/14,,,,,,,,1,0,6,0,7
suzi9mm,volunteer,,TRUE,,,,,Former volunteer,,2,0,5,0,7
switchbladeserenade,normal,,,,,,,,,12,2,6,0,20
switched,normal,,,,,,,,,0,0,2,0,2
Swordgleam,normal,,,,,,,,,1,0,0,0,1
SwordOfScotland,normal,,,,,,,,,1,0,0,0,1
Sya,normal,,,,,,,,,4,0,3,0,7
synconi,normal,,,,,,,,,11,0,13,0,24
Synfull,volunteer,,TRUE,,,,,Former volunteer,,8,2,14,0,24
synthes,normal,,,,,,,,,5,2,0,0,7
syragon,normal,,,,,,,,,0,0,8,0,8
szlosek,staff,,,TRUE,,,,Former staff,,0,3,0,0,3
Tachy-on,staff,,,TRUE,,,,Former staff,,45,8,8,0,61
tack,normal,,,,,,,Former alumni,,0,1,0,0,1
taeliac,normal,,,,,,,,,10,1,4,0,15
taenaron,volunteer,,TRUE,,,,,Former volunteer,,0,0,0,0,0
Tajii-chan,normal,,,,,,,,,7,0,7,0,14
takethef,normal,,,,,,,,,20,2,2,0,24
talierin,normal,,,,,,,,,0,0,0,0,0
talon,normal,,,,,,,Deviousness•À_•À__•À_•À__award recipient (date•À_•À__•À_•À__?),,0,0,1,0,1
Talty,volunteer,,TRUE,,,,,Former volunteer,,10,0,2,0,12
TamvakisPhoto,normal,,,,,,,,,1,0,1,0,2
tangledweb,normal,,,,,,,,,2,0,5,0,7
tanya-n,normal,,,,,,,,,5,1,4,0,10
tanya3286,normal,7/7/14,,,,,,,,1,0,0,0,1
tatasz,volunteer,,TRUE,,,,,Former volunteer,,4,0,6,0,10
Teagle,normal,12/31/13,,,,,,,,0,0,0,0,0
tealpirate,normal,,,,,,,,,0,0,0,0,0
TeaPhotography,normal,1/13/13,,,,,,,,6,0,24,0,30
TeaZS,normal,,,,,,,,,0,0,0,0,0
tedikuma,normal,,,,,,,,,0,0,1,0,1
TehAngelsCry,volunteer,,TRUE,,,,,Former volunteer,,1,2,3,1,7
temoc,normal,,,,,,,,,4,0,4,0,8
Tepara,normal,,,,,,,,,1,0,2,0,3
TerrorCookie,normal,,,,,,,,,4,0,1,0,5
Tetsuk0,normal,,,,,,,,,0,0,0,0,0
tExTuReMaTtIc,normal,,,,,,,,,0,0,0,0,0
TharBeVikings,staff,,,TRUE,,,,Former staff,,1,2,0,0,3
thdj,normal,,,,,,,,,0,0,0,0,0
The-Build,volunteer,,TRUE,,,,,Former volunteer,,11,0,6,0,17
the-faun,normal,,,,,,,,,0,2,1,0,3
the-jafo,normal,,,,,,,,,0,0,1,0,1
The-Senior-Stache,normal,,,,,,,Account for•À_•À__•À_•À__dAseniors group,,0,0,0,0,0
the-spifster,normal,,,,,,,,,3,0,4,0,7
theCHAMBA,normal,,,,,,,Deviousness•À_•À__•À_•À__award recipient (May 2015),,0,0,0,0,0
thechick14,staff,,,TRUE,,,,Former staff,,0,7,0,0,7
TheCreativeJenn,volunteer,3/1/10,TRUE,,,,,,,0,0,0,0,0
TheDarkRayne,normal,,,,,,,,,0,0,0,0,0
thefantasim,normal,,,,,,,,,0,0,0,0,0
TheGalleryOfEve,normal,7/7/14,,,,,,Deviousness•À_•À__•À_•À__award recipient (June 2015),,17,1,41,0,59
theguy,normal,,,,,,,,,0,0,0,0,0
TheInternet,normal,,,,,,,Deviousness•À_•À__•À_•À__award recipient (date•À_•À__•À_•À__?),,0,0,0,0,0
thejuneskies,normal,,,,,,,,,0,0,0,0,0
thekidKaos,normal,,,,,,,,,3,4,6,0,13
TheLastHuzzah,volunteer,,TRUE,,,,,Former volunteer,,0,0,0,0,0
TheRyanFord,staff,,,TRUE,,,,Former staff,,3,24,14,0,41
TheSilverSunbeam,normal,,,,,,,,,0,0,0,0,0
thespinner,normal,,,,,,,,,0,0,0,0,0
thespook,volunteer,,TRUE,,,,,Former volunteer,,1,0,4,0,5
TheSylverLining,normal,,,,,,,,,0,0,0,0,0
thetaoofchaos,normal,1/13/13,,,,,,,,0,0,0,0,0
TheTragicTruth-Of-Me,normal,12/9/08,,,,,,,,0,0,7,0,7
thief6,normal,,,,,,,,,0,0,4,0,4
Thiefoworld,volunteer,,TRUE,,,,,Former•À_•À__•À_•À__volunteer,,4,0,2,0,6
thienbao,normal,,,,,,,,,2,0,7,0,9
TimberClipse,volunteer,12/14/11,TRUE,,,,,,,0,0,0,0,0
thisign,normal,,,,,,,,,0,1,0,0,1
thorns,volunteer,12/14/11,TRUE,,,,,Former•À_•À__•À_•À__volunteer,,12,5,18,1,36
ThornyEnglishRose,normal,,,,,,,,,2,0,2,0,4
thrawn,normal,,,,,,,,,1,0,3,0,4
thundercake,normal,,,,,,,,,3,0,6,0,9
TIAvalentina,normal,7/7/14,,,,,,,,0,0,0,0,0
TiaVon,normal,1/13/13,,,,,,,,7,1,10,0,18
tigaer,volunteer,,TRUE,,,,,Former•À_•À__•À_•À__volunteer,,1,0,1,0,2
tiganesc,normal,12/9/08,,,,,,,,36,8,22,1,67
tiganusi,volunteer,,TRUE,,,,,Former•À_•À__•À_•À__volunteer,,0,0,0,0,0
tilq,normal,12/14/11,,,,,,,,1,0,1,0,2
timmy64,normal,,,,,,,,,5,0,4,0,9
Timothy-Sim,normal,3/1/10,,,,,,Deviousness•À_•À__•À_•À__award recipient (December 2010),,14,1,5,0,20
TimTownsend,normal,,,,,,,Deviousness•À_•À__•À_•À__award recipient (February 2011),,2,1,7,0,10
tmpst24myst,volunteer,,TRUE,,,,,Former•À_•À__•À_•À__volunteer,,15,1,18,0,34
ToAPP,normal,,,,,,,,,0,0,2,0,2
tobyf,volunteer,,TRUE,,,,,Former•À_•À__•À_•À__volunteer,,0,0,0,0,0
Tola,staff,,,TRUE,,,,Former staff,,0,1,0,0,1
Tomazz,normal,,,,,,,,,1,0,0,0,1
Tommy-Noker,normal,,,,,,,,,0,0,1,0,1
TommyGK,volunteer,,TRUE,,,,,Former•À_•À__•À_•À__volunteer,,4,0,4,0,8
TomWilcox,normal,,,,,,,Deviousness•À_•À__•À_•À__award recipient (February 2010),,0,1,0,0,1
ToolKitten,normal,,,,,,,,,1,0,11,0,12
TouchedVenus,volunteer,,TRUE,,,,,Former•À_•À__•À_•À__volunteer,,5,0,4,0,9
tracieteephotography,volunteer,,TRUE,,,,,Former•À_•À__•À_•À__volunteer,,0,0,0,0,0
Trapiki,volunteer,,TRUE,,,,,Former•À_•À__•À_•À__volunteer,,10,2,1,0,13
treetog,normal,,,,,,,Deviousness•À_•À__•À_•À__award recipient (date•À_•À__•À_•À__?),,0,0,3,0,3
treijim,normal,,,,,,,,,0,0,1,0,1
trenchmaker,normal,,,,,,,,,7,2,11,0,20
trevg,volunteer,,TRUE,,,,,Former•À_•À__•À_•À__volunteer,,5,2,3,0,10
trip52,normal,,,,,,,,,0,0,0,0,0
triptychr,normal,,,,,,,,,1,0,1,0,2
TrishaMonsterr,normal,6/29/12,,,,,,,,0,0,0,0,0
TRlCKS,volunteer,,TRUE,,,,,Former•À_•À__•À_•À__volunteer. former alpha tester,,10,3,5,0,18
trollface,normal,,,,,,,Former alumni,•À_•À__•À_•À__Deviousness•À_•À__•À_•À__award recipient (March 2011),0,0,0,0,0
trowlandson,staff,,,TRUE,,,,Former staff (prints),,1,16,8,0,25
tsaoshin,normal,,,,,,,Deviousness•À_•À__•À_•À__award recipient (December 2014),,0,0,0,0,0
tuna,normal,,,,,,,,,0,0,2,0,2
turn2002,normal,,,,,,,,,2,0,5,0,7
TVD-Photography,normal,,,,,,,,,1,1,3,0,5
twexler,normal,,,,,,,Deviousness•À_•À__•À_•À__award recipient (March 2007),,2,0,2,0,4
TwiggyTeeluck,normal,,,,,,,,,4,1,16,0,21
TwilightPoetess,normal,,,,,,,,,0,0,0,0,0
twosilverstars,volunteer,,TRUE,,,,,Former•À_•À__•À_•À__volunteer,,3,0,4,0,7
TyRivin,normal,,,,,,,,,0,0,0,0,0
TylerHagan,normal,,,,,,,,,0,0,0,0,0
tzen,normal,,,,,,,,,1,0,6,0,7
uae4u,normal,,,,,,,,,4,2,7,0,13
ukitakumuki,normal,,,,,,,,,1,1,7,0,9
ulorinvex,normal,,,,,,,,,0,0,0,0,0
UmbraVulpis,normal,,,,,,,,,1,0,1,0,2
Uncle-Scratchy,normal,,,,,,,,,2,0,0,0,2
UnicornReality,volunteer,,TRUE,,,,,Former•À_•À__•À_•À__volunteer,,54,4,10,0,68
ursulav,normal,,,,,,,,,0,0,3,0,3
UseR2006,volunteer,,TRUE,,,,,Former volunteer,,6,0,6,0,12
utro,normal,,,,,,,,,1,0,4,0,5
vacuumslayer,normal,,,,,,,,,6,0,8,0,14
vaia,normal,,,,,,,,,3,0,4,0,7
ValaSedai,volunteer,,TRUE,,,,,Former•À_•À__•À_•À__volunteer,,9,0,5,0,14
VAngelLJ,volunteer,,TRUE,,,,,Former•À_•À__•À_•À__volunteer,,0,0,1,0,1
vanmall,volunteer,,TRUE,,,,,Former•À_•À__•À_•À__volunteer,,12,1,3,0,16
vashperado,normal,,,,,,,,,0,0,0,0,0
vayabobo,normal,12/9/08,,,,,,,,2,1,1,0,4
Vayde,volunteer,,TRUE,,,,,Former•À_•À__•À_•À__volunteer,,2,0,0,0,2
Velox-Mortis,normal,,,,,,,,,0,0,1,0,1
VernonX9000,volunteer,,TRUE,,,,,Former•À_•À__•À_•À__volunteer,,16,2,13,0,31
vertMB,normal,,,,,,,,,0,0,0,0,0
vespera,normal,1/13/13,,,,,,,,0,0,3,0,3
vest,normal,,,,,,,,,1,0,3,0,4
VianaArts,normal,,,,,,,,,0,0,1,0,1
VintageWarmth,normal,1/13/13,,,,,,,,0,0,0,0,0
vm,normal,,,,,,,,,0,0,1,0,1
vmbui,normal,,,,,,,,,1,0,5,0,6
volantis,normal,,,,,,,,,0,1,1,0,2
voltball,normal,,,,,,,,,0,0,2,0,2
vonny-t-h-m,normal,,,,,,,,,0,0,3,0,3
voodoo-prophet,volunteer,,TRUE,,,,,Former•À_•À__•À_•À__volunteer,,4,3,5,0,12
VSConcepts,volunteer,,TRUE,,,,,Former•À_•À__•À_•À__volunteer,,1,0,1,0,2
Vulcie,normal,,,,,,,,,1,0,2,0,3
w00zy,normal,,,,,,,Deviousness award recipient (date•À_•À__•À_•À__?),,1,1,6,0,8
WaistedSpace,normal,,,,,,,,,1,0,1,0,2
WaitingForTheWorms,normal,,,,,,,,,3,1,6,1,11
walloftruth,staff,,,TRUE,,,,Former staff,,11,5,6,0,22
warfish,normal,,,,,,,Deviousness award recipient (June 2004),,1,0,2,0,3
Waveswinger,staff,,,TRUE,,,,Former staff,,1,15,11,0,27
WDWParksGal,normal,,,,,,,,,23,4,23,1,51
weaponzero,normal,,,,,,,,,0,0,2,0,2
welfareleech,normal,,,,,,,,,1,0,0,0,1
Wen-M,normal,,,,,,,,,1,0,3,0,4
wenstrom,normal,,,,,,,Deviousness award recipient (September 2004),,0,1,1,0,2
wernstrum,normal,,,,,,,,,1,1,0,0,2
werol,normal,,,,,,,,,2,0,15,0,17
WhenPigsFry,volunteer,,TRUE,,,,,Former•À_•À__•À_•À__volunteer,,13,0,22,0,35
Whimsical-Dreams,normal,,,,,,,,,17,0,27,0,44
wholba,normal,,,,,,,Deviousness award recipient (October 2007),,0,0,0,0,0
wildoats,normal,,,,,,,,,0,0,0,0,0
WillowXD,volunteer,,TRUE,,,,,Former•À_•À__•À_•À__volunteer,,1,0,1,0,2
Windy999,normal,,,,,,,,,0,0,1,0,1
winehaus,normal,6/29/12,,,,,,Deviousness award recipient (January 2013),,0,0,0,0,0
WintersRead,normal,7/7/14,,,,,,,,2,1,10,0,13
witchiamwill,normal,,,,,,,,,1,1,0,0,2
wizzo,normal,,,,,,,,,0,0,0,0,0
WNPhotography,normal,,,,,,,,,0,0,0,0,0
Wolfie-chama,normal,6/29/12,,,,,,,,0,0,3,0,3
wolfsax,normal,,,,,,,,,2,0,0,0,2
wordlesswhisper,volunteer,,TRUE,,,,,Former•À_•À__•À_•À__volunteer,,3,1,0,0,4
wordsrioting,volunteer,,TRUE,,,,,Former•À_•À__•À_•À__volunteer,,0,0,0,0,0
wroth,normal,,,,,,,Deviousness award recipient (March 2009),,6,0,7,0,13
wynnesome,volunteer,,TRUE,,,,,Former•À_•À__•À_•À__volunteer,,8,0,2,0,10
x-horizon,normal,,,,,,,,,0,0,9,0,9
x0rcist,normal,,,,,,,,,0,0,5,0,5
Xadrea,normal,,,,,,,,,0,0,2,0,2
xbastex,volunteer,,TRUE,,,,,Former•À_•À__•À_•À__volunteer,,6,0,8,0,14
xcaponius,normal,,,,,,,,,0,0,0,0,0
Xerces,volunteer,,TRUE,,,,,Former•À_•À__•À_•À__volunteer,,14,2,1,0,17
xero-sama,normal,,,,,,,,,4,1,3,0,8
xork,normal,,,,,,,,,0,0,0,0,0
xraystyle,staff,,,TRUE,,,,Former staff,,0,6,1,0,7
Xyrus-02,normal,,,,,,,,,0,0,0,0,0
yachtclub,volunteer,,TRUE,,,,,Former•À_•À__•À_•À__volunteer,,0,0,0,0,0
Yamino,normal,3/1/10,,,,,,,,0,0,1,0,1
Yamio,normal,,,,,,,,,0,0,0,0,0
yashachan,volunteer,,TRUE,,,,,Former•À_•À__•À_•À__volunteer,,2,0,2,0,4
Yasny-chan,normal,,,,,,,,,11,0,7,0,18
yathosho,volunteer,,TRUE,,,,,Former•À_•À__•À_•À__volunteer,,1,0,3,0,4
yelavender,staff,,,TRUE,,,,Former staff,,1,0,0,0,1
yokom,normal,,,,,,,,,0,0,0,0,0
yoozer,normal,,,,,,,,,0,0,0,0,0
YouInventedMe,normal,,,,,,,,,5,0,4,0,9
YukiMizuno,volunteer,,TRUE,,,,,Former•À_•À__•À_•À__volunteer,,30,1,20,1,52
yuumei,normal,,,,,,,Deviousness award recipient (October 2013),,0,0,1,0,1
Yuuza,normal,,,,,,,,,2,0,6,0,8
zachb67,staff,,,TRUE,,,,Former staff,,0,0,0,0,0
zacthetoad,normal,,,,,,,,,7,3,9,0,19
zancan,normal,,,,,,,,,0,0,9,0,9
zandog,volunteer,,TRUE,,,,,Former•À_•À__•À_•À__volunteer,,3,0,1,0,4
zebrazebrazebra,normal,12/14/11,,,,,,,,5,0,5,0,10
zeiva,normal,,,,,,,,,0,0,0,0,0
zemotion,normal,,,,,,,Deviousness award recipient (May 2007),,0,0,1,0,1
Zenfilm,volunteer,,TRUE,,,,,Former•À_•À__•À_•À__volunteer,,7,0,0,0,7
Zenhead,normal,,,,,,,,,0,0,0,0,0
zephyrkinetic,normal,,,,,,,,,2,0,3,0,5
zerocomplex,volunteer,,TRUE,,,,,Former•À_•À__•À_•À__volunteer,,2,0,4,0,6
Zeros-Elipticus,volunteer,,TRUE,,,,,Former•À_•À__•À_•À__volunteer,,6,1,1,0,8
zeroskyy,normal,,,,,,,,,1,1,0,0,2
zeruch,volunteer,,TRUE,,,,,Former•À_•À__•À_•À__volunteer,,3,1,4,0,8
zeyus,normal,,,,,,,,,3,3,0,0,6
ziinyu,normal,1/13/13,,,,,,,,1,0,0,0,1
zikes,normal,,,,,,,,,1,0,1,0,2
ZirTuan,volunteer,,TRUE,,,,,Former•À_•À__•À_•À__volunteer,,0,0,2,0,2
zkreso,normal,,,,,,,,,0,0,0,0,0
Zlatty,normal,,,,,,,Deviousness award recipient (January 2005),,1,0,12,0,13
zlim,normal,,,,,,,,,0,0,0,0,0
znow-white,volunteer,,TRUE,,,,,Former•À_•À__•À_•À__volunteer,,50,3,14,0,67
ZombieCoder,staff,,,TRUE,,,,Former staff,,0,7,2,0,9
Zombiesmile,normal,,,,,,,,,0,0,4,0,4
zoomzoom,normal,,,,,,,,,1,0,5,0,6
zzaga,normal,,,,,,,,,0,0,1,0,1
Abfc,normal,,,,,,,,,2,0,1,0,3
adrift,deactivated,,,TRUE,,,TRUE,Deactivated,,0,0,0,0,0
alchemism,deactivated,,TRUE,,TRUE,,TRUE,Deactivated,•À_•À__•À_•À__Deviousness award recipient (December 2004),0,0,0,0,0
anriel,deactivated,,,,,,TRUE,Deactivated,,0,0,0,0,0
avatar8,deactivated,,,,,,TRUE,Banned,,0,0,0,0,0
attila,deactivated,,,TRUE,,,TRUE,Deactivated, former staff,0,0,0,0,0
babyducks,deactivated,,,,,,TRUE,Deactivated,,0,0,0,0,0
bdwfh,deactivated,,TRUE,,,,TRUE,Deactivated,,0,0,0,0,0
BeehiveStudio,deactivated,,,,,,TRUE,Deactivated,,0,0,0,0,0
Blepharopsis,deactivated,,,,,,TRUE,Deactivated,,0,0,0,0,0
BlueBlack,deactivated,,,,,,TRUE,Deactivated,,0,0,0,0,0
Blue-Fish,deactivated,3/1/10,,,,,TRUE,,,0,0,0,0,0
bren,deactivated,,,,,,TRUE,,,0,0,0,0,0
caustic,deactivated,,,,,,TRUE,Deactivated,,0,0,0,0,0
chadamus,deactivated,,,,,,TRUE,,,0,0,0,0,0
chilipalmer,deactivated,,,,,,TRUE,,,0,0,0,0,0
chrisbolt,deactivated,,,,,,TRUE,,,0,0,0,0,0
Commander-Luminaire,deactivated,3/1/10,,,,,TRUE,,,0,0,0,0,0
conorschild,deactivated,,,,,,TRUE,,,0,0,0,0,0
Cosira,deactivated,,,,,,TRUE,,,0,0,0,0,0
Cyantre,deactivated,,,,,,TRUE,Deviousness award recipient (date•À_•À__•À_•À__?),,0,0,0,0,0
dakth,deactivated,,,,,,TRUE,,,0,0,0,0,0
damien-c,deactivated,,,,,,TRUE,,,0,0,0,0,0
dancewiththesky,deactivated,,,,,,TRUE,Deactivated,,0,0,0,0,0
DarkApple,deactivated,,,,,,TRUE,,,0,0,0,0,0
DCZed,deactivated,,,,,,TRUE,,,0,0,0,0,0
deejbard,deactivated,,,,,,TRUE,,,0,0,0,0,0
devart-critic,deactivated,,,,,,TRUE,,,0,0,0,0,0
diamondie,deactivated,,,,,,TRUE,Deviousness award recipient (January 2007),,1,0,2,0,3
DreamingMyth,deactivated,12/9/08,,,,,TRUE,Deactivated,,0,0,0,0,0
dspayre,deactivated,,,,,,TRUE,,,0,0,0,0,0
dy-dx,deactivated,12/14/11,,,,,TRUE,Deactivated,,0,0,0,0,0
episkeuo,deactivated,,,,,,TRUE,,,0,0,0,0,0
erikakochanski,deactivated,,,,,,TRUE,Deactivated,,0,0,0,0,0
Evil-e33,deactivated,,,,,,TRUE,,,7,2,5,1,15
faggus,deactivated,,,,,,TRUE,,,0,0,0,0,0
fediaFedia,deactivated,,,,,,TRUE,Former volunteer,,7,0,3,0,10
flesh,deactivated,,,,,,TRUE,Deactivated,,0,0,0,0,0
glitterdarkstar,deactivated,,,,,,TRUE,Deviousness award recipient (December 2007),,0,0,0,0,0
GwenavhyeurAnastasia,deactivated,,,,,,TRUE,,,0,0,0,0,0
hippy,deactivated,,,,,,TRUE,,,0,0,0,0,0
Ice-11,deactivated,,,,,,TRUE,,,0,0,0,0,0
idlejam,deactivated,,,,,,TRUE,Deactivated,,0,0,0,0,0
impressionenmeer,deactivated,,,,,,TRUE,,,0,0,0,0,0
inziladun,deactivated,,,,,,TRUE,,,0,0,0,0,0
ipholio,deactivated,,,,,,TRUE,,,1,0,1,0,2
JillAuville,deactivated,,,,,,TRUE,,,4,0,1,1,6
JurgenDoe,deactivated,,,,,,TRUE,,,0,0,0,0,0
kar0,deactivated,,,,,,TRUE,Deactivated,,0,0,0,0,0
ke1th,deactivated,,,,,,TRUE,,,0,0,0,0,0
klynx,deactivated,,,,,,TRUE,,,0,0,1,0,1
kyle28,deactivated,,,,,,TRUE,,,0,0,0,0,0
LazyGunn,deactivated,3/1/10,,,,,TRUE,,,0,0,0,0,0
lockheart7ca,deactivated,,,,,,TRUE,,,0,0,1,0,1
Lovely-Demented,deactivated,,,,,,TRUE,,,0,0,0,0,0
lovetodeviate,deactivated,,,,,,TRUE,,,0,0,0,0,0
MasterMindMan,deactivated,,,,,,TRUE,,,0,0,0,0,0
micdt,deactivated,,,,,,TRUE,,,0,0,0,0,0
Mike,deactivated,,,TRUE,,,TRUE,Former staff,,0,0,0,0,0
miontre,deactivated,6/29/12,,,,,TRUE,Deactivated,,0,0,0,0,0
mkinne,deactivated,,,,,,TRUE,,,0,0,0,0,0
Mkvdb,deactivated,,,TRUE,,,TRUE,Former staff,,0,0,0,0,0
monaux,deactivated,,,,,,TRUE,,,0,0,0,0,0
morbidthegrim,deactivated,,,,,,TRUE,,,0,0,0,0,0
morbidman187,deactivated,12/31/13,,,,,TRUE,,,0,0,0,0,0
mountainhawk,deactivated,,,,,,TRUE,,,1,0,0,0,1
MurkHellsing,deactivated,,,,,,TRUE,,,0,0,0,0,0
na641,deactivated,,,,,,TRUE,,,0,1,0,0,1
namaste,deactivated,,,,,,TRUE,,,0,0,0,0,0
nykolai,deactivated,,,,,,TRUE,Deactivated,,0,0,0,0,0
onestar,deactivated,,,,,,TRUE,,,0,0,0,0,0
photoswithattitude,deactivated,,,,,,TRUE,,,0,0,0,0,0
pinkcookie,deactivated,,,,,,TRUE,,,0,0,0,0,0
poprocksandcharlotte,deactivated,,,,,,TRUE,,,0,0,0,0,0
preacha,deactivated,,,,,,TRUE,,,0,0,0,0,0
primus,deactivated,,,,,,TRUE,,,0,0,0,0,0
radioPooh,deactivated,,,,,,TRUE,,,0,0,0,0,0
randomcasualty,deactivated,,,,,,TRUE,,,0,0,0,0,0
randomaxes,deactivated,,,,,,TRUE,Deactivated,,0,0,0,0,0
rubikscubefreak,deactivated,,,,,,TRUE,,,0,0,0,0,0
samus,deactivated,,,,,,TRUE,Deviousness award recipient (December 1999),,0,0,0,0,0
Sander-Seto,deactivated,,,,,,TRUE,,,0,0,0,0,0
seveneves,deactivated,,,,,,TRUE,,,1,0,2,1,4
SheTakesPics,deactivated,,,,,,TRUE,,,0,0,0,0,0
shyble,deactivated,,,,,,TRUE,,,0,0,0,0,0
skaeleen,deactivated,,,,,,TRUE,,,0,0,0,0,0
Skaylie,deactivated,,,TRUE,,,TRUE,Former staff,,0,0,0,0,0
smoking-mirrors,deactivated,12/9/08,,,,,TRUE,,,0,0,0,0,0
somedrunkblackspoon,deactivated,,,,,,TRUE,,,1,0,0,0,1
srilart,deactivated,,,TRUE,,,TRUE,Deactivated, former staff,0,0,0,0,0
ssecret,deactivated,,,,,,TRUE,,,1,0,1,0,2
tech13,deactivated,,,,,,TRUE,Deviousness award recipient (date•À_•À__•À_•À__?),,0,0,0,0,0
Thanato5,deactivated,,,,,,TRUE,,,0,0,0,0,0
The-Definition,deactivated,,,,,,TRUE,,,0,0,0,0,0
Thebuild,deactivated,,,,,,TRUE,,,0,0,0,0,0
TheSprunk,deactivated,,,,,,TRUE,,,0,0,0,0,0
tomgehrke,deactivated,,,,,,TRUE,Deviousness award recipient (date•À_•À__•À_•À__?),,0,0,0,0,0
Topicality,deactivated,,,,,,TRUE,,,9,3,3,0,15
truemarmalade,deactivated,,,,,,TRUE,,,0,0,0,0,0
Unbearable-Lightness,deactivated,12/14/11,,,,,TRUE,,,0,0,0,0,0
valkyre,deactivated,,,,,,TRUE,,,0,0,0,0,0
vastblue,deactivated,,,,,,TRUE,,,0,0,0,0,0
Vlei,deactivated,,,,,,TRUE,,,0,0,0,0,0
votemark,deactivated,,,,,,TRUE,,,0,0,0,0,0
WineWriter,deactivated,,,,,,TRUE,,,0,0,0,0,0